Length,Diameter,Height,WholeWeight,ShuckedWeight,VisceraWeight,ShellWeight,Rings,Sex,prediction_label,prediction_score
0.635,0.515,0.165,1.229,0.5055,0.2975,0.3535,10,M,F,0.5433
0.495,0.4,0.135,0.61,0.272,0.1435,0.144,7,M,I,0.4179
0.585,0.49,0.185,1.171,0.522,0.2535,0.335,10,M,M,0.4927
0.37,0.275,0.14,0.2215,0.097,0.0455,0.0615,6,I,I,0.7898
0.41,0.32,0.115,0.387,0.165,0.1005,0.0985,11,F,M,0.3916
0.63,0.51,0.185,1.235,0.5115,0.349,0.3065,11,F,F,0.5868
0.72,0.55,0.18,1.52,0.637,0.325,0.435,10,F,F,0.5386
0.565,0.45,0.175,1.2365,0.5305,0.2455,0.308,10,F,M,0.5631
0.525,0.4,0.13,0.8295,0.2405,0.1825,0.275,11,M,M,0.4336
0.55,0.44,0.155,0.946,0.313,0.1825,0.335,16,F,F,0.4829
0.5,0.405,0.14,0.6155,0.241,0.1355,0.205,9,M,I,0.373
0.675,0.555,0.205,1.925,0.713,0.358,0.4535,13,F,F,0.5221
0.4,0.305,0.13,0.2935,0.096,0.0675,0.105,9,M,I,0.6313
0.37,0.28,0.095,0.2655,0.122,0.052,0.08,7,I,I,0.7579
0.57,0.455,0.15,1.107,0.54,0.255,0.27,8,F,M,0.5501
0.65,0.475,0.165,1.3875,0.58,0.3485,0.3095,9,F,M,0.4994
0.155,0.105,0.05,0.0175,0.005,0.0035,0.005,4,I,I,0.7388
0.585,0.46,0.165,1.1135,0.5825,0.2345,0.274,10,M,M,0.5703
0.32,0.255,0.1,0.1755,0.073,0.0415,0.065,7,I,I,0.7092
0.67,0.505,0.175,1.0145,0.4375,0.271,0.3745,10,F,F,0.5063
0.67,0.525,0.195,1.37,0.6065,0.2955,0.407,12,F,F,0.5122
0.525,0.415,0.15,0.7155,0.2355,0.171,0.27,13,F,F,0.4482
0.235,0.175,0.08,0.0645,0.0215,0.0175,0.0215,5,I,I,0.7698
0.595,0.47,0.155,1.2015,0.492,0.3865,0.265,10,M,F,0.5463
0.425,0.345,0.125,0.425,0.16,0.0795,0.154,13,I,M,0.3974
0.55,0.46,0.13,0.7085,0.305,0.1455,0.205,12,M,F,0.3877
0.55,0.41,0.15,0.785,0.282,0.186,0.275,12,M,M,0.414
0.53,0.41,0.165,0.8115,0.24,0.169,0.24,19,F,F,0.5038
0.275,0.2,0.065,0.092,0.0385,0.0235,0.027,5,I,I,0.8348
0.615,0.505,0.165,1.34,0.5315,0.2815,0.41,12,M,F,0.4987
0.45,0.335,0.125,0.4475,0.2165,0.126,0.11,6,M,I,0.6249
0.605,0.49,0.165,1.071,0.482,0.1935,0.352,10,I,M,0.4495
0.355,0.27,0.1,0.216,0.083,0.037,0.075,10,I,I,0.6622
0.465,0.37,0.1,0.5055,0.234,0.11,0.14,7,I,I,0.6167
0.295,0.22,0.085,0.1285,0.0585,0.027,0.0365,5,I,I,0.8232
0.435,0.34,0.115,0.3925,0.1825,0.078,0.1145,6,I,I,0.7532
0.675,0.525,0.17,1.8095,0.784,0.391,0.455,12,F,M,0.5745
0.49,0.375,0.115,0.557,0.2275,0.1335,0.1765,8,I,I,0.5297
0.5,0.4,0.15,0.8085,0.273,0.112,0.295,13,F,M,0.4696
0.635,0.525,0.18,1.3695,0.634,0.318,0.363,11,F,M,0.4986
0.5,0.39,0.13,0.5075,0.2115,0.104,0.1755,9,I,I,0.6102
0.195,0.15,0.045,0.0375,0.018,0.006,0.011,3,I,I,0.8234
0.54,0.41,0.145,0.989,0.2815,0.213,0.355,19,M,M,0.5006
0.585,0.405,0.15,1.2565,0.435,0.202,0.325,15,M,M,0.5867
0.505,0.375,0.115,0.5895,0.2635,0.12,0.167,10,F,I,0.5068
0.32,0.235,0.08,0.1485,0.064,0.031,0.045,6,I,I,0.8266
0.705,0.55,0.21,1.4385,0.655,0.3255,0.462,11,M,F,0.5417
0.62,0.485,0.165,1.166,0.483,0.238,0.355,13,F,M,0.483
0.595,0.455,0.14,0.914,0.3895,0.2225,0.271,9,F,F,0.4052
0.485,0.355,0.12,0.547,0.215,0.1615,0.14,10,M,M,0.3749
0.35,0.235,0.08,0.17,0.0725,0.0465,0.0495,7,I,I,0.8319
0.485,0.365,0.09,0.651,0.3165,0.132,0.18,8,I,I,0.5016
0.57,0.415,0.13,0.88,0.4275,0.1955,0.238,13,M,M,0.5155
0.535,0.42,0.125,0.764,0.312,0.1505,0.265,11,M,M,0.3981
0.655,0.515,0.145,1.25,0.5265,0.283,0.315,15,I,F,0.5134
0.245,0.18,0.065,0.071,0.03,0.013,0.0215,4,I,I,0.8412
0.465,0.37,0.12,0.4365,0.188,0.0815,0.147,9,I,I,0.642
0.605,0.485,0.16,1.201,0.417,0.2875,0.38,9,F,F,0.5499
0.64,0.505,0.155,1.4025,0.705,0.2655,0.335,10,M,M,0.6015
0.59,0.445,0.13,1.1325,0.3825,0.234,0.32,13,F,M,0.4926
0.355,0.27,0.075,0.1775,0.079,0.0315,0.054,6,I,I,0.8603
0.645,0.485,0.155,1.489,0.5915,0.312,0.38,18,M,M,0.5486
0.32,0.24,0.075,0.1735,0.076,0.0355,0.05,7,I,I,0.7686
0.55,0.425,0.145,0.797,0.297,0.15,0.265,9,F,I,0.3513
0.45,0.35,0.14,0.474,0.21,0.109,0.1275,16,I,M,0.4973
0.34,0.25,0.075,0.1785,0.0665,0.0455,0.045,5,I,I,0.8453
0.56,0.435,0.15,0.8715,0.4755,0.1835,0.1835,9,F,M,0.4706
0.67,0.5,0.19,1.519,0.616,0.388,0.415,10,M,F,0.5316
0.315,0.235,0.055,0.151,0.065,0.027,0.039,6,I,I,0.8373
0.375,0.28,0.095,0.2225,0.0875,0.043,0.08,10,M,I,0.7061
0.41,0.3,0.09,0.28,0.141,0.0575,0.075,8,I,I,0.7959
0.645,0.5,0.19,1.229,0.524,0.278,0.395,17,M,F,0.5187
0.655,0.53,0.19,1.428,0.493,0.318,0.565,18,F,F,0.5922
0.505,0.38,0.135,0.6855,0.361,0.1565,0.161,9,F,M,0.4187
0.445,0.35,0.13,0.4195,0.1695,0.0945,0.1195,7,I,I,0.636
0.665,0.52,0.175,1.3725,0.606,0.32,0.395,12,M,F,0.5064
0.36,0.28,0.105,0.199,0.0695,0.045,0.08,9,I,I,0.6945
0.585,0.455,0.15,0.987,0.4355,0.2075,0.31,11,M,M,0.4733
0.72,0.585,0.22,1.914,0.9155,0.448,0.479,11,M,M,0.5164
0.65,0.51,0.175,1.446,0.6485,0.2705,0.45,12,M,M,0.5537
0.49,0.465,0.125,0.5225,0.235,0.13,0.141,7,M,I,0.3897
0.355,0.265,0.09,0.168,0.05,0.041,0.063,8,M,I,0.7805
0.57,0.455,0.155,0.832,0.3585,0.174,0.277,11,M,F,0.398
0.385,0.3,0.09,0.308,0.1525,0.056,0.0835,8,I,I,0.7033
0.525,0.4,0.155,0.707,0.282,0.1605,0.225,9,M,M,0.3567
0.66,0.495,0.195,1.6275,0.594,0.3595,0.485,10,M,F,0.5225
0.565,0.45,0.155,1.0595,0.4735,0.24,0.265,10,M,M,0.5236
0.28,0.205,0.1,0.1165,0.0545,0.0285,0.03,5,M,I,0.7901
0.185,0.375,0.12,0.4645,0.196,0.1045,0.15,6,I,M,0.628
0.635,0.51,0.185,1.308,0.544,0.318,0.377,8,M,F,0.5392
0.6,0.475,0.205,1.176,0.5255,0.2875,0.308,9,M,F,0.5009
0.48,0.38,0.135,0.528,0.2,0.1395,0.16,14,M,M,0.4338
0.72,0.55,0.205,2.165,1.1055,0.525,0.404,10,M,M,0.6548
0.475,0.365,0.13,0.4805,0.1905,0.114,0.1475,12,F,I,0.3767
0.655,0.54,0.215,1.844,0.7425,0.327,0.585,22,M,M,0.5571
0.45,0.355,0.105,0.5225,0.237,0.1165,0.145,8,F,I,0.4921
0.67,0.51,0.2,1.5945,0.6705,0.3845,0.4505,10,M,F,0.5075
0.67,0.505,0.16,1.2585,0.6255,0.311,0.308,12,M,M,0.5129
0.385,0.265,0.08,0.251,0.124,0.037,0.07,6,I,I,0.8857
0.595,0.465,0.125,0.799,0.3245,0.2,0.23,10,M,F,0.3996
0.755,0.625,0.21,2.505,1.1965,0.513,0.6785,11,F,M,0.6458
0.585,0.485,0.15,1.079,0.4145,0.2115,0.356,11,F,F,0.4778
0.565,0.44,0.16,0.915,0.354,0.1935,0.32,12,F,M,0.4477
0.615,0.52,0.15,1.3435,0.629,0.2605,0.345,10,F,M,0.5503
0.685,0.545,0.18,1.768,0.7495,0.392,0.485,16,F,M,0.5226
0.62,0.48,0.165,1.043,0.4835,0.221,0.31,10,F,M,0.4426
0.645,0.48,0.17,1.1345,0.528,0.254,0.305,10,F,M,0.4655
0.275,0.2,0.065,0.1035,0.0475,0.0205,0.03,7,I,I,0.7708
0.325,0.225,0.075,0.139,0.0565,0.032,0.09,6,I,I,0.8711
0.555,0.435,0.135,0.858,0.377,0.1585,0.29,15,M,M,0.5013
0.505,0.4,0.125,0.77,0.2735,0.159,0.255,13,M,M,0.4844
0.68,0.53,0.185,1.1095,0.439,0.245,0.34,10,I,F,0.5528
0.505,0.385,0.115,0.616,0.243,0.1075,0.21,11,F,I,0.4695
0.325,0.25,0.08,0.1735,0.0765,0.0345,0.049,7,I,I,0.7666
0.55,0.44,0.16,0.985,0.4645,0.201,0.27,8,M,M,0.4995
0.68,0.55,0.175,1.798,0.815,0.3925,0.455,19,F,M,0.5715
0.565,0.445,0.125,0.8305,0.3135,0.1785,0.23,11,F,F,0.407
0.385,0.29,0.1,0.2575,0.1,0.061,0.086,6,I,I,0.8021
0.64,0.485,0.185,1.4195,0.6735,0.3465,0.3255,11,F,M,0.5524
0.445,0.31,0.09,0.336,0.1555,0.09,0.0855,7,I,I,0.8109
0.655,0.5,0.14,1.1705,0.5405,0.3175,0.285,12,F,F,0.4993
0.5,0.385,0.135,0.551,0.2245,0.0715,0.206,11,M,I,0.5993
0.38,0.285,0.095,0.243,0.0895,0.0665,0.075,7,I,I,0.7548
0.555,0.41,0.125,0.599,0.2345,0.1465,0.194,8,M,I,0.6348
0.69,0.525,0.2,1.7825,0.9165,0.3325,0.461,12,M,M,0.6689
0.53,0.415,0.14,0.724,0.3105,0.1675,0.205,10,M,M,0.3998
0.53,0.405,0.13,0.6615,0.2945,0.1395,0.19,9,I,I,0.4602
0.36,0.265,0.085,0.1895,0.0725,0.0515,0.055,6,I,I,0.8273
0.615,0.53,0.17,1.12,0.5775,0.2095,0.286,9,M,M,0.4742
0.55,0.44,0.125,0.765,0.33,0.2125,0.245,9,F,F,0.3952
0.43,0.35,0.105,0.366,0.1705,0.0855,0.11,6,I,I,0.7294
0.585,0.42,0.145,0.6735,0.2895,0.1345,0.22,9,I,I,0.6563
0.52,0.4,0.11,0.597,0.2935,0.1155,0.16,8,I,I,0.6363
0.485,0.37,0.115,0.4785,0.1995,0.0955,0.129,7,F,I,0.7222
0.625,0.47,0.17,1.255,0.525,0.2415,0.405,10,F,M,0.5064
0.655,0.485,0.195,1.62,0.6275,0.358,0.485,17,M,M,0.5233
0.56,0.455,0.125,0.943,0.344,0.129,0.375,21,F,M,0.534
0.66,0.515,0.18,1.523,0.54,0.3365,0.555,16,F,F,0.5482
0.59,0.5,0.165,1.1045,0.4565,0.2425,0.34,15,M,F,0.517
0.73,0.595,0.23,2.8255,1.1465,0.419,0.897,17,M,M,0.7043
0.625,0.495,0.155,1.025,0.46,0.1945,0.34,9,M,F,0.38
0.615,0.45,0.15,1.198,0.707,0.2095,0.2505,7,M,M,0.5652
0.58,0.47,0.165,0.927,0.3215,0.1985,0.315,11,M,F,0.5064
0.635,0.49,0.175,1.2435,0.5805,0.313,0.305,10,F,M,0.4957
0.74,0.565,0.205,2.119,0.9655,0.5185,0.482,12,F,M,0.5449
0.625,0.445,0.16,1.09,0.46,0.2965,0.304,11,F,F,0.4748
0.655,0.455,0.17,1.2895,0.587,0.3165,0.3415,11,F,M,0.5366
0.56,0.46,0.235,0.8395,0.3325,0.157,0.305,12,M,F,0.5071
0.575,0.475,0.17,0.967,0.3775,0.284,0.275,13,I,F,0.5722
0.635,0.505,0.155,1.2895,0.594,0.314,0.345,11,F,M,0.5096
0.605,0.49,0.15,1.1345,0.5265,0.2645,0.295,9,F,M,0.493
0.535,0.405,0.185,0.8345,0.3175,0.1725,0.29,16,M,M,0.4934
0.35,0.265,0.09,0.1775,0.0575,0.042,0.068,12,M,I,0.5813
0.61,0.48,0.185,1.3065,0.6895,0.2915,0.29,10,M,M,0.5978
0.305,0.23,0.08,0.156,0.0675,0.0345,0.048,7,F,I,0.7445
0.62,0.48,0.155,1.2555,0.527,0.374,0.3175,11,M,F,0.5271
0.66,0.53,0.195,1.5505,0.6505,0.3295,0.495,10,M,F,0.5033
0.62,0.5,0.15,1.293,0.596,0.3135,0.354,10,F,M,0.5244
0.615,0.47,0.155,1.2,0.5085,0.32,0.292,8,M,F,0.4913
0.68,0.53,0.18,1.529,0.7635,0.3115,0.4025,11,M,M,0.5762
0.315,0.245,0.085,0.1435,0.053,0.0475,0.05,8,I,I,0.682
0.59,0.47,0.15,0.9955,0.481,0.232,0.24,8,M,M,0.4611
0.53,0.415,0.13,0.8425,0.275,0.1945,0.265,20,M,M,0.5068
0.615,0.525,0.155,1.1375,0.367,0.236,0.37,20,M,F,0.604
0.65,0.52,0.195,1.6275,0.689,0.3905,0.432,11,F,F,0.5011
0.615,0.49,0.19,1.1345,0.4695,0.257,0.348,11,F,F,0.5225
0.44,0.32,0.095,0.3275,0.1495,0.059,0.1,8,I,I,0.8223
0.575,0.455,0.18,0.8525,0.3015,0.1825,0.3,13,I,F,0.5016
0.5,0.375,0.125,0.5695,0.259,0.124,0.157,7,I,I,0.6218
0.52,0.4,0.145,0.7765,0.3525,0.1845,0.185,9,M,M,0.4574
0.32,0.205,0.08,0.181,0.088,0.034,0.0495,5,I,I,0.8654
0.585,0.46,0.15,1.0035,0.503,0.2105,0.2515,11,F,M,0.5182
0.53,0.435,0.155,0.699,0.288,0.1595,0.205,10,M,F,0.3957
0.37,0.275,0.1,0.2295,0.0885,0.0465,0.07,7,I,I,0.7883
0.57,0.43,0.16,0.811,0.3875,0.159,0.2285,9,F,I,0.3668
0.5,0.395,0.12,0.537,0.2165,0.1085,0.1785,9,I,I,0.5717
0.545,0.42,0.13,0.879,0.374,0.1695,0.23,13,M,M,0.5105
0.44,0.335,0.115,0.4215,0.173,0.0765,0.113,7,I,I,0.7128
0.59,0.46,0.16,1.0115,0.445,0.2615,0.2565,8,F,F,0.4646
0.29,0.225,0.08,0.1295,0.0535,0.026,0.045,10,M,I,0.6074
0.37,0.29,0.08,0.2545,0.108,0.0565,0.07,6,I,I,0.7846
0.525,0.415,0.14,0.724,0.3475,0.173,0.175,8,F,M,0.3907
0.56,0.445,0.16,0.8965,0.42,0.2175,0.2215,8,M,M,0.4475
0.7,0.54,0.215,1.978,0.6675,0.3125,0.71,24,F,M,0.508
0.3,0.23,0.085,0.117,0.05,0.0175,0.0415,6,I,I,0.8203
0.665,0.525,0.18,1.429,0.6715,0.29,0.4,12,M,M,0.5322
0.495,0.38,0.12,0.474,0.197,0.1065,0.1545,10,M,I,0.5838
0.325,0.245,0.075,0.1495,0.0605,0.033,0.045,5,I,I,0.854
0.64,0.505,0.19,1.2355,0.4435,0.3105,0.365,14,F,F,0.6063
0.59,0.46,0.155,0.906,0.327,0.1485,0.335,15,M,F,0.4368
0.425,0.325,0.135,0.382,0.1465,0.079,0.14,12,F,I,0.4446
0.14,0.105,0.035,0.014,0.0055,0.0025,0.004,3,I,I,0.7481
0.575,0.445,0.14,0.737,0.325,0.1405,0.237,10,M,I,0.4558
0.59,0.485,0.205,1.2315,0.4525,0.238,0.42,13,F,F,0.5272
0.67,0.535,0.185,1.597,0.6275,0.35,0.47,21,F,F,0.5243
0.56,0.44,0.16,0.8645,0.3305,0.2075,0.26,10,M,F,0.4583
0.51,0.385,0.135,0.632,0.282,0.145,0.17,8,F,I,0.4573
0.65,0.505,0.165,1.16,0.4785,0.274,0.349,11,F,F,0.5271
0.59,0.475,0.165,1.077,0.4545,0.244,0.3095,9,M,F,0.4739
0.67,0.54,0.165,1.5015,0.518,0.358,0.505,14,F,F,0.6033
0.31,0.23,0.07,0.1245,0.0505,0.0265,0.038,6,I,I,0.8341
0.63,0.505,0.17,1.0915,0.4615,0.266,0.3,9,M,F,0.5301
0.6,0.48,0.09,1.05,0.457,0.2685,0.28,8,M,M,0.4692
0.55,0.44,0.15,0.8945,0.3145,0.151,0.32,19,F,M,0.4986
0.475,0.38,0.135,0.486,0.1735,0.07,0.185,7,F,I,0.7321
0.78,0.6,0.21,2.548,1.1945,0.5745,0.6745,11,M,M,0.6339
0.75,0.615,0.205,2.2635,0.821,0.423,0.726,12,F,F,0.5543
0.685,0.54,0.16,1.6675,0.833,0.3775,0.475,11,F,M,0.6031
0.59,0.46,0.125,0.755,0.334,0.15,0.238,9,I,I,0.5126
0.52,0.41,0.145,0.646,0.2965,0.1595,0.165,9,I,M,0.3571
0.41,0.325,0.1,0.3245,0.132,0.072,0.106,6,I,I,0.7667
0.6,0.46,0.15,1.235,0.6025,0.274,0.29,8,F,M,0.576
0.505,0.38,0.145,0.651,0.2935,0.19,0.17,12,F,M,0.4731
0.21,0.15,0.05,0.0385,0.0155,0.0085,0.01,3,M,I,0.8497
0.59,0.475,0.16,0.9455,0.3815,0.184,0.27,19,M,F,0.4988
0.51,0.41,0.155,1.2825,0.569,0.291,0.3795,9,M,M,0.6534
0.58,0.445,0.15,0.858,0.4,0.156,0.253,8,F,I,0.4208
0.45,0.35,0.135,0.494,0.2205,0.0945,0.1405,7,I,I,0.6036
0.345,0.255,0.095,0.1945,0.0925,0.037,0.055,6,I,I,0.8213
0.645,0.51,0.16,1.33,0.6665,0.309,0.317,9,M,M,0.5417
0.5,0.4,0.125,0.6675,0.261,0.1315,0.22,10,F,M,0.3703
0.49,0.39,0.14,0.707,0.2795,0.2185,0.18,13,M,M,0.4994
0.505,0.405,0.16,0.6835,0.271,0.145,0.215,10,F,M,0.3925
0.225,0.165,0.055,0.059,0.027,0.0125,0.015,4,I,I,0.8216
0.6,0.47,0.13,1.0105,0.423,0.219,0.298,9,M,M,0.4289
0.575,0.47,0.155,1.116,0.509,0.238,0.34,10,F,M,0.5279
0.575,0.475,0.16,1.114,0.4955,0.2745,0.29,9,M,M,0.4956
0.565,0.44,0.175,0.8735,0.414,0.21,0.21,11,I,M,0.4671
0.505,0.385,0.15,0.6415,0.246,0.152,0.215,12,M,M,0.4133
0.375,0.275,0.095,0.2465,0.11,0.0415,0.0775,6,I,I,0.8422
0.45,0.335,0.095,0.3505,0.1615,0.0625,0.1185,7,I,I,0.8461
0.35,0.265,0.11,0.2965,0.1365,0.063,0.085,7,M,I,0.6417
0.56,0.455,0.145,0.974,0.547,0.1615,0.235,9,I,M,0.512
0.465,0.355,0.12,0.4975,0.2375,0.099,0.14,8,I,I,0.6148
0.615,0.5,0.175,1.377,0.5585,0.33,0.292,12,F,F,0.5216
0.55,0.47,0.15,0.897,0.377,0.184,0.29,9,F,F,0.4284
0.59,0.46,0.145,0.9015,0.419,0.1785,0.26,11,I,M,0.4215
0.56,0.445,0.165,1.0285,0.4535,0.253,0.275,11,I,M,0.5126
0.525,0.42,0.16,0.756,0.2745,0.173,0.275,9,F,F,0.3963
0.555,0.435,0.14,0.765,0.3945,0.15,0.206,8,I,I,0.4384
0.64,0.48,0.195,1.1435,0.4915,0.2345,0.353,9,F,F,0.4542
0.72,0.565,0.18,1.719,0.8465,0.407,0.3875,11,F,M,0.5357
0.665,0.515,0.19,1.6385,0.831,0.3575,0.371,11,M,M,0.617
0.205,0.155,0.045,0.0425,0.017,0.0055,0.0155,7,M,I,0.6996
0.525,0.395,0.165,0.782,0.285,0.1405,0.285,19,M,M,0.5191
0.425,0.325,0.11,0.3335,0.173,0.045,0.1,7,I,I,0.8235
0.57,0.45,0.145,0.751,0.2825,0.2195,0.2215,10,I,F,0.4774
0.68,0.55,0.2,1.596,0.525,0.4075,0.585,21,F,F,0.6506
0.63,0.465,0.15,1.0315,0.4265,0.24,0.325,11,I,F,0.4448
0.705,0.535,0.22,1.866,0.929,0.3835,0.4395,10,F,M,0.6192
0.57,0.45,0.17,1.098,0.414,0.187,0.405,20,F,M,0.5399
0.3,0.22,0.08,0.1255,0.055,0.0265,0.039,6,I,I,0.813
0.7,0.525,0.19,1.6465,0.8545,0.307,0.3995,9,F,M,0.6263
0.525,0.415,0.135,0.7945,0.394,0.189,0.202,7,M,M,0.4278
0.635,0.505,0.165,1.251,0.577,0.227,0.3825,11,F,M,0.5133
0.65,0.495,0.17,1.276,0.6215,0.2305,0.399,11,M,M,0.5353
0.605,0.5,0.175,1.098,0.4765,0.232,0.375,12,M,F,0.4932
0.5,0.38,0.125,0.577,0.269,0.1265,0.1535,9,M,I,0.4953
0.5,0.4,0.13,0.7715,0.37,0.16,0.211,8,M,M,0.4486
0.235,0.175,0.055,0.067,0.027,0.0125,0.018,6,I,I,0.7657
0.595,0.475,0.17,1.0965,0.419,0.229,0.35,17,M,F,0.5085
0.63,0.51,0.175,1.3415,0.6575,0.262,0.375,10,M,M,0.5561
0.5,0.37,0.12,0.5445,0.249,0.1065,0.152,8,I,I,0.6639
0.575,0.435,0.135,0.992,0.432,0.2225,0.239,10,M,M,0.4992
0.465,0.36,0.105,0.498,0.214,0.116,0.14,15,I,M,0.4635
0.62,0.48,0.17,1.1045,0.535,0.25,0.287,10,F,M,0.4892
0.49,0.355,0.16,0.8795,0.3485,0.215,0.2825,8,F,M,0.5338
0.425,0.38,0.105,0.3265,0.1285,0.0785,0.1,10,I,I,0.4986
0.46,0.35,0.12,0.4885,0.193,0.105,0.155,11,I,I,0.4371
0.65,0.59,0.22,1.662,0.77,0.378,0.435,11,F,F,0.539
0.27,0.205,0.075,0.118,0.059,0.031,0.0305,4,I,I,0.812
0.58,0.43,0.125,0.9115,0.446,0.2075,0.121,10,M,M,0.4905
0.14,0.105,0.035,0.0145,0.005,0.0035,0.005,4,I,I,0.7046
0.465,0.355,0.12,0.5805,0.255,0.0915,0.184,8,I,I,0.5863
0.635,0.5,0.18,1.2565,0.539,0.292,0.35,10,F,F,0.5098
0.35,0.25,0.07,0.1605,0.0715,0.0335,0.046,6,I,I,0.8744
0.43,0.35,0.09,0.397,0.1575,0.089,0.12,9,F,I,0.5716
0.38,0.29,0.1,0.237,0.108,0.0395,0.082,6,I,I,0.8439
0.515,0.39,0.12,0.565,0.235,0.135,0.179,9,I,I,0.5353
0.415,0.325,0.1,0.3215,0.1535,0.0595,0.105,10,I,I,0.6593
0.685,0.545,0.205,1.7925,0.8145,0.416,0.461,9,M,M,0.5258
0.39,0.29,0.1,0.2845,0.1255,0.0635,0.081,7,I,I,0.7586
0.465,0.345,0.105,0.4015,0.242,0.0345,0.109,6,I,I,0.9045
0.45,0.335,0.11,0.4195,0.181,0.085,0.1345,7,I,I,0.7471
0.525,0.44,0.125,0.7115,0.3205,0.159,0.1915,7,F,I,0.3645
0.66,0.525,0.16,1.277,0.4975,0.319,0.394,13,F,F,0.5757
0.625,0.485,0.175,1.3745,0.7335,0.2715,0.332,9,F,M,0.6267
0.4,0.305,0.1,0.3415,0.176,0.0625,0.0865,7,I,I,0.7373
0.72,0.525,0.18,1.445,0.631,0.3215,0.435,7,F,F,0.4887
0.605,0.49,0.165,1.1245,0.492,0.222,0.3555,11,M,M,0.4804
0.62,0.505,0.16,1.3725,0.6285,0.275,0.3685,11,F,M,0.5573
0.57,0.46,0.17,1.1,0.4125,0.2205,0.38,14,F,M,0.4921
0.395,0.295,0.1,0.293,0.14,0.062,0.082,7,I,I,0.7674
0.52,0.38,0.125,0.5545,0.288,0.1295,0.167,8,I,I,0.6597
0.675,0.525,0.17,1.711,0.8365,0.352,0.475,9,F,M,0.6265
0.6,0.47,0.175,1.105,0.4865,0.247,0.315,15,M,M,0.5064
0.43,0.315,0.095,0.378,0.175,0.08,0.1045,8,I,I,0.7205
0.49,0.365,0.145,0.6345,0.1995,0.1625,0.22,10,F,M,0.3874
0.55,0.43,0.14,0.8105,0.368,0.161,0.275,9,F,M,0.3709
0.28,0.215,0.08,0.132,0.072,0.022,0.033,5,I,I,0.802
0.635,0.48,0.145,1.181,0.665,0.229,0.225,10,M,M,0.5755
0.515,0.405,0.13,0.573,0.213,0.134,0.195,9,I,I,0.4826
0.33,0.26,0.08,0.2,0.0625,0.05,0.07,9,F,I,0.6236
0.555,0.425,0.13,0.7665,0.264,0.168,0.275,13,M,F,0.4035
0.605,0.485,0.165,1.0735,0.437,0.205,0.33,14,F,F,0.4817
0.52,0.385,0.165,0.791,0.375,0.18,0.1815,10,M,M,0.4907
0.6,0.48,0.17,0.9175,0.38,0.2225,0.29,8,I,F,0.4645
0.38,0.305,0.095,0.2815,0.1255,0.0525,0.09,8,F,I,0.7017
0.33,0.205,0.095,0.1595,0.077,0.032,0.0435,5,I,I,0.8855
0.65,0.525,0.19,1.4995,0.6265,0.4005,0.395,14,M,F,0.5531
0.35,0.265,0.09,0.2265,0.0995,0.0575,0.065,6,M,I,0.7658
0.235,0.175,0.065,0.0615,0.0205,0.02,0.019,6,I,I,0.7418
0.67,0.545,0.2,1.7025,0.833,0.374,0.41,11,M,M,0.5695
0.515,0.4,0.12,0.659,0.2705,0.179,0.17,13,I,M,0.4573
0.24,0.17,0.05,0.0545,0.0205,0.016,0.0155,5,I,I,0.8236
0.705,0.555,0.215,2.141,1.0465,0.383,0.528,11,M,M,0.6867
0.475,0.35,0.125,0.4225,0.1905,0.079,0.1355,9,I,I,0.7244
0.575,0.45,0.13,0.785,0.318,0.193,0.2265,9,M,F,0.3754
0.44,0.345,0.12,0.365,0.1655,0.083,0.11,7,I,I,0.7194
0.63,0.53,0.175,1.4135,0.667,0.2945,0.3555,13,M,M,0.5381
0.36,0.27,0.09,0.2225,0.083,0.053,0.075,6,M,I,0.8023
0.49,0.38,0.12,0.529,0.2165,0.139,0.155,11,I,I,0.3541
0.445,0.32,0.12,0.378,0.152,0.0825,0.12,8,I,I,0.7301
0.58,0.46,0.165,1.2275,0.473,0.1965,0.435,16,M,M,0.5579
0.335,0.25,0.08,0.183,0.0735,0.04,0.0575,6,I,I,0.8138
0.505,0.395,0.105,0.551,0.248,0.103,0.171,8,I,I,0.6706
0.535,0.43,0.14,0.7165,0.2855,0.1595,0.2155,8,M,I,0.3513
0.545,0.42,0.14,0.7505,0.2475,0.13,0.255,22,M,M,0.4903
0.485,0.345,0.16,0.869,0.3085,0.185,0.319,9,I,M,0.5175
0.365,0.295,0.08,0.2555,0.097,0.043,0.1,7,M,I,0.7696
0.445,0.36,0.11,0.4235,0.182,0.0765,0.14,9,I,I,0.6186
0.49,0.385,0.12,0.591,0.271,0.1125,0.1775,9,I,I,0.4986
0.535,0.435,0.14,0.874,0.3735,0.229,0.2195,8,M,M,0.4625
0.525,0.4,0.13,0.6445,0.345,0.1285,0.2,8,I,I,0.5837
0.675,0.525,0.175,1.402,0.483,0.3205,0.465,16,M,F,0.5983
0.58,0.465,0.145,0.887,0.4405,0.1655,0.265,11,M,M,0.4305
0.58,0.445,0.17,1.178,0.3935,0.2165,0.315,20,I,M,0.5085
0.615,0.475,0.13,0.8425,0.353,0.1915,0.251,8,I,I,0.4082
0.535,0.4,0.135,0.775,0.368,0.208,0.2055,8,I,M,0.4295
0.46,0.365,0.125,0.4785,0.206,0.1045,0.141,8,F,I,0.5578
0.7,0.58,0.205,2.13,0.7415,0.49,0.58,20,M,F,0.5918
0.41,0.3,0.115,0.2595,0.097,0.0515,0.08,10,I,I,0.7167
0.59,0.445,0.14,0.931,0.356,0.234,0.28,12,M,F,0.4692
0.565,0.455,0.185,0.9265,0.354,0.1575,0.375,16,M,F,0.4668
0.63,0.505,0.15,1.3165,0.6325,0.2465,0.37,11,M,M,0.5665
0.575,0.435,0.155,0.8975,0.4115,0.2325,0.23,9,F,M,0.4482
0.585,0.455,0.125,1.027,0.391,0.212,0.25,17,M,M,0.5109
0.61,0.485,0.18,1.2795,0.5735,0.2855,0.355,7,F,M,0.5058
0.555,0.445,0.13,0.8625,0.4225,0.155,0.24,9,M,M,0.4094
0.26,0.205,0.07,0.097,0.0415,0.019,0.0305,4,I,I,0.8247
0.385,0.305,0.09,0.2775,0.109,0.0515,0.1,9,M,I,0.6906
0.555,0.425,0.13,0.648,0.2835,0.133,0.2105,8,I,I,0.6187
0.375,0.275,0.09,0.238,0.1075,0.0545,0.07,6,I,I,0.8243
0.36,0.275,0.075,0.2205,0.0985,0.044,0.066,7,I,I,0.7957
0.475,0.36,0.135,0.4355,0.196,0.0925,0.125,8,I,I,0.6819
0.69,0.54,0.185,1.6195,0.533,0.353,0.555,24,M,F,0.5961
0.69,0.55,0.195,1.777,0.769,0.38,0.4305,11,M,M,0.5122
0.655,0.545,0.185,1.759,0.6865,0.313,0.547,11,F,M,0.5209
0.64,0.5,0.165,1.1635,0.554,0.239,0.32,11,F,M,0.4867
0.545,0.44,0.175,0.7745,0.2985,0.1875,0.265,11,F,F,0.4686
0.545,0.415,0.2,1.358,0.567,0.318,0.403,10,F,M,0.596
0.48,0.405,0.13,0.6375,0.277,0.1445,0.21,10,F,M,0.4224
0.55,0.42,0.145,0.7385,0.321,0.1485,0.252,11,M,M,0.3598
0.68,0.54,0.155,1.534,0.671,0.379,0.384,10,M,F,0.5129
0.735,0.565,0.205,2.1275,0.949,0.46,0.565,12,F,M,0.5725
0.47,0.36,0.135,0.501,0.1665,0.115,0.165,10,M,I,0.4356
0.52,0.41,0.125,0.6985,0.2945,0.1625,0.215,10,F,M,0.3932
0.53,0.42,0.13,0.8365,0.3745,0.167,0.249,11,I,M,0.4833
0.66,0.53,0.17,1.431,0.622,0.309,0.398,10,F,F,0.4971
0.53,0.435,0.17,0.8155,0.2985,0.155,0.275,13,F,F,0.4542
0.565,0.46,0.155,0.8715,0.3755,0.215,0.25,10,I,F,0.4607
0.705,0.53,0.17,1.564,0.612,0.394,0.44,10,F,F,0.5663
0.64,0.51,0.2,1.3905,0.61,0.3315,0.41,12,F,F,0.5118
0.59,0.465,0.15,1.151,0.613,0.239,0.2515,9,F,M,0.5853
0.385,0.295,0.085,0.2535,0.103,0.0575,0.085,7,I,I,0.7865
0.43,0.34,0.125,0.384,0.1375,0.061,0.146,14,I,I,0.4052
0.635,0.505,0.17,1.415,0.605,0.297,0.365,15,F,M,0.5278
0.32,0.245,0.08,0.1585,0.0635,0.0325,0.05,13,I,I,0.497
0.67,0.515,0.17,1.4265,0.6605,0.3395,0.37,11,F,M,0.5143
0.36,0.27,0.1,0.217,0.0885,0.0495,0.0715,6,M,I,0.8039
0.405,0.305,0.105,0.3625,0.1565,0.0705,0.125,10,I,I,0.5893
0.695,0.53,0.21,1.51,0.664,0.4095,0.385,10,M,F,0.5697
0.38,0.285,0.1,0.2665,0.115,0.061,0.075,11,M,I,0.568
0.62,0.48,0.165,1.0855,0.481,0.2575,0.305,10,M,F,0.4732
0.475,0.35,0.115,0.498,0.2375,0.099,0.14,7,I,I,0.7141
0.52,0.405,0.14,0.6765,0.2865,0.146,0.205,15,I,M,0.4676
0.5,0.375,0.115,0.5945,0.185,0.148,0.19,11,F,M,0.3556
0.77,0.6,0.215,2.1945,1.0515,0.482,0.584,10,M,M,0.5739
0.42,0.31,0.1,0.2865,0.115,0.0735,0.085,8,I,I,0.7582
0.695,0.56,0.185,1.7715,0.8195,0.331,0.437,10,F,M,0.5673
0.405,0.31,0.1,0.385,0.173,0.0915,0.11,7,M,I,0.6377
0.585,0.465,0.14,0.908,0.381,0.1615,0.315,13,F,M,0.4292
0.44,0.325,0.11,0.4965,0.258,0.1195,0.1075,8,I,I,0.5041
0.555,0.455,0.18,0.958,0.296,0.195,0.39,14,F,F,0.5347
0.375,0.28,0.08,0.2235,0.115,0.043,0.055,6,I,I,0.8511
0.47,0.365,0.135,0.522,0.2395,0.1525,0.145,10,M,M,0.396
0.665,0.5,0.15,1.2475,0.4625,0.2955,0.3595,10,F,F,0.5404
0.415,0.325,0.14,0.417,0.1535,0.1015,0.144,10,M,I,0.39
0.415,0.305,0.12,0.336,0.165,0.076,0.0805,7,I,I,0.729
0.665,0.525,0.18,1.5785,0.678,0.229,0.456,14,F,M,0.576
0.38,0.29,0.085,0.2285,0.088,0.0465,0.075,7,I,I,0.8126
0.49,0.395,0.12,0.674,0.3325,0.1235,0.185,9,M,M,0.3856
0.65,0.52,0.195,1.281,0.5985,0.246,0.3825,10,F,M,0.4801
0.175,0.125,0.04,0.028,0.0095,0.008,0.009,4,I,I,0.769
0.35,0.265,0.08,0.2,0.09,0.042,0.06,7,I,I,0.791
0.55,0.405,0.14,0.8025,0.244,0.1635,0.255,10,M,F,0.3628
0.53,0.43,0.15,0.741,0.325,0.1855,0.196,9,F,M,0.4065
0.62,0.485,0.17,1.208,0.4805,0.3045,0.33,15,I,F,0.5336
0.47,0.355,0.13,0.5465,0.2005,0.126,0.185,14,F,M,0.448
0.325,0.25,0.075,0.1585,0.075,0.0305,0.0455,6,I,I,0.8221
0.52,0.395,0.125,0.8115,0.4035,0.166,0.2,7,M,M,0.4137
0.59,0.47,0.145,0.974,0.453,0.236,0.289,8,I,M,0.4376
0.645,0.495,0.185,1.4935,0.5265,0.2785,0.455,15,M,F,0.5097
0.415,0.34,0.13,0.3675,0.146,0.0885,0.12,10,F,I,0.4489
0.56,0.45,0.145,0.894,0.3885,0.2095,0.264,9,M,M,0.438
0.375,0.245,0.1,0.394,0.166,0.091,0.1125,6,I,I,0.6796
0.54,0.42,0.14,0.6275,0.2505,0.1175,0.235,9,I,I,0.5799
0.67,0.55,0.155,1.566,0.858,0.339,0.354,10,F,M,0.6245
0.605,0.45,0.165,1.2225,0.357,0.202,0.385,13,F,F,0.4966
0.575,0.45,0.155,0.9765,0.495,0.2145,0.235,9,M,M,0.4999
0.53,0.405,0.15,0.889,0.4055,0.2275,0.215,8,F,M,0.5043
0.7,0.575,0.205,1.773,0.605,0.447,0.538,13,F,F,0.6678
0.565,0.44,0.135,0.768,0.3305,0.1385,0.2475,9,I,I,0.4654
0.485,0.365,0.14,0.4475,0.1895,0.0925,0.2305,8,I,I,0.7524
0.575,0.465,0.175,1.099,0.4735,0.202,0.35,9,F,M,0.4884
0.52,0.425,0.155,0.7735,0.297,0.123,0.255,17,M,M,0.4944
0.63,0.505,0.165,1.065,0.4595,0.216,0.315,12,F,F,0.4877
0.545,0.435,0.145,0.9385,0.3685,0.1245,0.345,11,M,M,0.4369
0.61,0.48,0.15,1.2,0.56,0.2455,0.28,14,M,M,0.5586
0.225,0.17,0.05,0.0515,0.019,0.012,0.017,4,I,I,0.8255
0.57,0.455,0.175,1.02,0.4805,0.2145,0.29,9,M,M,0.4941
0.5,0.39,0.135,0.6595,0.3145,0.1535,0.1565,6,M,I,0.4498
0.365,0.275,0.09,0.2345,0.108,0.051,0.0625,7,I,I,0.7699
0.46,0.345,0.12,0.4935,0.2435,0.1175,0.132,8,M,I,0.5562
0.475,0.365,0.14,0.4545,0.171,0.118,0.158,8,I,I,0.5787
0.3,0.23,0.095,0.1385,0.056,0.0365,0.037,6,I,I,0.7525
0.605,0.485,0.16,1.222,0.53,0.2575,0.28,13,F,M,0.5203
0.355,0.27,0.105,0.271,0.1425,0.0525,0.0735,9,I,I,0.6155
0.535,0.445,0.125,0.8725,0.417,0.199,0.24,8,F,M,0.4706
0.355,0.275,0.09,0.251,0.097,0.053,0.08,7,I,I,0.7255
0.58,0.445,0.16,0.984,0.49,0.201,0.27,9,M,M,0.4805
0.56,0.42,0.14,0.837,0.414,0.214,0.2,8,I,M,0.4334
0.635,0.495,0.195,1.297,0.556,0.2985,0.37,11,F,F,0.5086
0.53,0.42,0.155,0.81,0.4725,0.111,0.192,10,I,M,0.4345
0.495,0.395,0.125,0.5415,0.2375,0.1345,0.155,9,M,I,0.4425
0.64,0.51,0.19,1.613,0.6215,0.361,0.47,14,M,F,0.5087
0.605,0.49,0.14,0.9755,0.419,0.206,0.315,10,M,F,0.4302
0.59,0.465,0.15,0.997,0.392,0.246,0.34,12,F,F,0.4927
0.565,0.48,0.175,0.957,0.3885,0.215,0.275,18,F,F,0.5298
0.59,0.435,0.165,0.9765,0.4525,0.2395,0.235,9,M,M,0.4706
0.525,0.425,0.19,0.872,0.4625,0.1725,0.199,9,M,M,0.5112
0.645,0.49,0.16,1.1665,0.4935,0.3155,0.299,9,F,F,0.5277
0.635,0.525,0.185,1.4065,0.684,0.3,0.3745,10,M,M,0.5381
0.685,0.51,0.18,1.4545,0.6315,0.3105,0.3725,9,M,M,0.4913
0.565,0.465,0.15,1.1815,0.581,0.2215,0.3095,9,I,M,0.5911
0.64,0.565,0.23,1.521,0.644,0.372,0.406,15,M,F,0.5983
0.575,0.485,0.165,1.0405,0.419,0.264,0.3,14,F,F,0.5385
0.49,0.385,0.16,0.656,0.2455,0.171,0.205,9,F,M,0.4033
0.395,0.3,0.12,0.2995,0.1265,0.068,0.0895,8,I,I,0.6736
0.465,0.325,0.14,0.7615,0.362,0.1535,0.209,10,I,M,0.5523
0.495,0.395,0.135,0.6335,0.3035,0.1295,0.1495,8,M,I,0.4151
0.255,0.19,0.075,0.0865,0.0345,0.0205,0.025,5,I,I,0.7942
0.505,0.375,0.18,0.568,0.2325,0.1495,0.17,12,F,M,0.3854
0.33,0.25,0.105,0.1715,0.0655,0.035,0.06,7,I,I,0.7605
0.445,0.345,0.12,0.4035,0.169,0.0825,0.13,7,I,I,0.7161
0.615,0.475,0.155,1.115,0.484,0.2115,0.355,10,F,M,0.4658
0.4,0.3,0.125,0.417,0.191,0.09,0.1175,9,M,I,0.4822
0.47,0.35,0.13,0.466,0.1845,0.099,0.145,11,I,I,0.4991
0.51,0.39,0.125,0.597,0.293,0.1265,0.1555,8,I,I,0.5559
0.17,0.13,0.095,0.03,0.013,0.008,0.01,4,I,I,0.6867
0.59,0.46,0.145,0.929,0.38,0.24,0.255,10,M,F,0.4741
0.415,0.31,0.095,0.311,0.1125,0.0625,0.115,8,I,I,0.7698
0.67,0.51,0.155,1.278,0.5605,0.3045,0.358,11,F,F,0.4982
0.545,0.41,0.145,0.873,0.3035,0.196,0.31,18,M,M,0.5081
0.635,0.495,0.155,1.3635,0.583,0.2985,0.295,10,M,M,0.5157
0.325,0.24,0.085,0.173,0.0795,0.038,0.05,7,M,I,0.7694
0.45,0.365,0.125,0.462,0.2135,0.0985,0.1315,8,I,I,0.5495
0.6,0.5,0.16,1.015,0.3995,0.1735,0.33,19,M,F,0.5087
0.385,0.295,0.095,0.335,0.147,0.094,0.09,7,M,I,0.6162
0.63,0.47,0.155,1.1325,0.589,0.211,0.287,8,M,M,0.4743
0.65,0.49,0.155,1.122,0.545,0.228,0.3055,9,F,M,0.4412
0.195,0.145,0.05,0.032,0.01,0.008,0.012,4,M,I,0.7924
0.72,0.565,0.17,1.613,0.723,0.3255,0.4945,12,F,M,0.5027
0.565,0.44,0.175,0.9025,0.31,0.193,0.325,14,M,F,0.4972
0.555,0.45,0.175,0.874,0.3275,0.202,0.305,10,M,F,0.4803
0.605,0.445,0.14,0.982,0.4295,0.2085,0.295,12,M,M,0.4657
0.295,0.23,0.08,0.1625,0.065,0.05,0.0385,5,I,I,0.7402
0.585,0.465,0.19,1.171,0.3905,0.2355,0.4,17,M,F,0.5334
0.5,0.355,0.14,0.528,0.2125,0.149,0.14,9,M,I,0.4747
0.42,0.32,0.11,0.309,0.115,0.0645,0.0945,6,I,I,0.8106
0.235,0.175,0.04,0.0705,0.0335,0.015,0.02,5,I,I,0.8077
0.575,0.45,0.155,0.948,0.429,0.206,0.259,7,M,M,0.4154
0.59,0.46,0.145,0.9905,0.453,0.2205,0.275,8,F,M,0.4409
0.55,0.4,0.135,0.717,0.3315,0.1495,0.221,9,I,I,0.4916
0.6,0.475,0.17,1.088,0.4905,0.2475,0.31,10,F,M,0.4794
0.51,0.4,0.125,0.5575,0.2615,0.1195,0.1525,9,I,I,0.5356
0.655,0.5,0.22,1.359,0.642,0.3255,0.405,13,F,M,0.5002
0.43,0.325,0.115,0.3865,0.1475,0.1065,0.11,11,F,I,0.4292
0.23,0.165,0.06,0.0515,0.019,0.0145,0.036,4,I,I,0.8389
0.605,0.48,0.155,0.9995,0.425,0.1985,0.3,10,I,F,0.4269
0.27,0.19,0.06,0.099,0.0445,0.017,0.03,5,I,I,0.8463
0.33,0.25,0.095,0.2085,0.102,0.0395,0.052,7,I,I,0.7325
0.375,0.285,0.09,0.257,0.1045,0.062,0.075,7,I,I,0.7472
0.295,0.225,0.08,0.124,0.0485,0.032,0.04,9,I,I,0.6583
0.215,0.15,0.055,0.041,0.015,0.009,0.0125,3,I,I,0.856
0.455,0.35,0.125,0.4485,0.1585,0.102,0.1335,16,F,M,0.4499
0.565,0.44,0.125,0.802,0.3595,0.1825,0.215,9,M,M,0.3736
0.37,0.285,0.095,0.226,0.1135,0.0515,0.0675,8,I,I,0.737
0.615,0.455,0.145,1.1155,0.5045,0.238,0.315,10,F,M,0.5033
0.47,0.36,0.145,0.537,0.1725,0.1375,0.195,15,F,M,0.4534
0.595,0.485,0.15,1.0835,0.5305,0.231,0.276,8,M,M,0.4918
0.65,0.52,0.19,1.3445,0.519,0.306,0.4465,16,M,F,0.5638
0.625,0.43,0.175,1.411,0.572,0.297,0.395,12,I,M,0.5838
0.38,0.29,0.105,0.257,0.099,0.051,0.085,10,F,I,0.6436
0.54,0.42,0.14,0.8035,0.38,0.1805,0.21,9,F,M,0.4321
0.38,0.27,0.095,0.219,0.0835,0.0515,0.07,6,M,I,0.8505
0.255,0.185,0.06,0.0925,0.039,0.021,0.025,6,I,I,0.7748
0.535,0.42,0.16,0.7465,0.348,0.1515,0.2185,10,M,M,0.3962
0.44,0.355,0.115,0.415,0.1585,0.0925,0.131,11,F,I,0.4409
0.67,0.54,0.195,1.619,0.74,0.3305,0.465,11,F,M,0.5378
0.455,0.355,0.135,0.4745,0.1865,0.0935,0.168,13,M,M,0.3816
0.655,0.515,0.18,1.412,0.6195,0.2485,0.497,11,F,M,0.5238
0.7,0.585,0.185,1.8075,0.7055,0.3215,0.475,29,F,F,0.5112
0.155,0.11,0.04,0.0155,0.0065,0.003,0.005,3,M,I,0.7821
0.275,0.205,0.08,0.096,0.036,0.0185,0.03,6,I,I,0.7933
0.645,0.5,0.18,1.2785,0.5345,0.2995,0.345,13,F,F,0.5235
0.44,0.34,0.105,0.402,0.1305,0.0955,0.165,10,M,I,0.5586
0.52,0.405,0.115,0.776,0.32,0.1845,0.22,8,F,M,0.4137
0.55,0.44,0.135,0.8435,0.434,0.1995,0.185,8,F,M,0.4525
0.61,0.48,0.15,1.1495,0.564,0.274,0.264,8,M,M,0.5157
0.63,0.495,0.165,1.3075,0.599,0.284,0.315,11,F,M,0.5306
0.38,0.3,0.09,0.277,0.1655,0.0625,0.082,6,I,I,0.7783
0.54,0.435,0.14,0.7345,0.33,0.1595,0.213,9,M,M,0.3597
0.275,0.2,0.07,0.096,0.037,0.0225,0.03,6,I,I,0.8004
0.395,0.29,0.095,0.3,0.158,0.068,0.078,7,I,I,0.7623
0.475,0.365,0.115,0.566,0.281,0.117,0.1335,7,F,I,0.5711
0.57,0.435,0.14,0.8085,0.3235,0.183,0.22,16,F,M,0.4624
0.655,0.54,0.215,1.5555,0.695,0.296,0.444,11,F,M,0.5104
0.62,0.515,0.155,1.3255,0.6685,0.2605,0.335,12,F,M,0.5834
0.595,0.46,0.17,1.1295,0.57,0.2555,0.265,10,M,M,0.5523
0.44,0.33,0.135,0.522,0.17,0.0905,0.195,16,I,M,0.4927
0.56,0.42,0.195,0.8085,0.3025,0.1795,0.285,14,M,F,0.4694
0.655,0.51,0.15,1.043,0.4795,0.223,0.305,9,F,F,0.4133
0.615,0.47,0.155,1.084,0.5885,0.209,0.246,9,F,M,0.509
0.735,0.57,0.21,2.2355,1.1705,0.463,0.5315,10,M,M,0.7064
0.51,0.4,0.12,0.7005,0.347,0.1105,0.195,10,F,I,0.426
0.7,0.56,0.175,1.6605,0.8605,0.3275,0.398,11,F,M,0.6019
0.445,0.35,0.14,0.5905,0.2025,0.158,0.19,14,M,M,0.5155
0.61,0.46,0.17,1.278,0.41,0.257,0.37,17,I,F,0.5214
0.275,0.215,0.075,0.1155,0.0485,0.029,0.035,7,I,I,0.7092
0.625,0.455,0.17,1.082,0.4955,0.2345,0.315,9,M,M,0.4533
0.44,0.34,0.105,0.364,0.148,0.0805,0.1175,8,F,I,0.7114
0.355,0.285,0.095,0.2275,0.0955,0.0475,0.0715,6,I,I,0.7715
0.73,0.555,0.18,1.6895,0.6555,0.1965,0.4935,10,F,M,0.4864
0.69,0.54,0.195,1.2525,0.73,0.3975,0.462,12,F,F,0.497
0.52,0.405,0.14,0.5775,0.2,0.145,0.179,11,I,F,0.3482
0.54,0.425,0.13,0.7205,0.2955,0.169,0.225,10,I,M,0.3692
0.715,0.565,0.175,1.9525,0.7645,0.4185,0.4135,10,M,F,0.5255
0.72,0.575,0.195,2.1505,1.0745,0.382,0.585,10,F,M,0.6959
0.43,0.34,0.11,0.382,0.154,0.0955,0.109,8,F,I,0.5997
0.415,0.32,0.11,0.3735,0.175,0.0755,0.109,7,I,I,0.7021
0.49,0.375,0.135,0.6125,0.2555,0.102,0.22,11,F,I,0.4319
0.695,0.56,0.185,1.74,0.885,0.3715,0.4375,10,M,M,0.5941
0.44,0.35,0.11,0.4585,0.2,0.0885,0.13,9,M,I,0.5409
0.55,0.425,0.135,0.8515,0.362,0.196,0.27,14,F,M,0.5013
0.51,0.395,0.125,0.5805,0.244,0.1335,0.188,11,M,I,0.3925
0.545,0.41,0.14,0.7405,0.3565,0.1775,0.203,9,F,M,0.3787
0.51,0.455,0.135,0.6855,0.2875,0.154,0.2035,9,I,F,0.4027
0.48,0.335,0.125,0.524,0.246,0.1095,0.145,7,I,I,0.6988
0.62,0.465,0.185,1.274,0.579,0.3065,0.32,12,M,M,0.5332
0.63,0.485,0.165,1.233,0.6565,0.2315,0.3035,10,M,M,0.5724
0.65,0.5,0.16,1.3825,0.702,0.304,0.3195,9,F,M,0.5782
0.575,0.46,0.145,0.9945,0.466,0.229,0.265,7,F,M,0.4608
0.21,0.15,0.05,0.042,0.0175,0.0125,0.015,4,I,I,0.8139
0.655,0.5,0.205,1.528,0.6215,0.3725,0.4535,11,F,F,0.5223
0.37,0.275,0.1,0.2815,0.1505,0.0505,0.068,5,I,I,0.8195
0.56,0.425,0.135,0.9415,0.509,0.2015,0.1975,9,M,M,0.5283
0.555,0.44,0.15,0.838,0.4155,0.146,0.23,8,M,I,0.3722
0.5,0.4,0.13,0.6645,0.258,0.133,0.24,12,M,M,0.4135
0.595,0.47,0.175,0.991,0.382,0.2395,0.5,12,M,F,0.4915
0.63,0.5,0.175,1.2645,0.5635,0.3065,0.3425,10,M,F,0.4984
0.315,0.235,0.08,0.18,0.08,0.045,0.047,5,I,I,0.7992
0.265,0.2,0.065,0.0975,0.04,0.0205,0.028,7,I,I,0.7412
0.645,0.495,0.19,1.539,0.6115,0.408,0.445,12,M,F,0.5291
0.375,0.275,0.085,0.22,0.109,0.05,0.0605,7,I,I,0.815
0.49,0.395,0.135,0.5545,0.213,0.0925,0.215,14,M,M,0.3744
0.67,0.525,0.18,1.4915,0.728,0.343,0.381,9,M,M,0.5393
0.45,0.35,0.13,0.547,0.245,0.1405,0.1405,8,I,M,0.384
0.52,0.38,0.115,0.6645,0.3285,0.17,0.1425,7,I,I,0.4705
0.635,0.52,0.165,1.3405,0.5065,0.296,0.412,11,F,F,0.5486
0.53,0.42,0.185,0.752,0.299,0.156,0.205,20,I,M,0.488
0.745,0.575,0.2,1.884,0.954,0.336,0.495,12,M,M,0.6235
0.54,0.475,0.155,1.217,0.5305,0.3075,0.34,16,F,M,0.5461
0.72,0.575,0.17,1.9335,0.913,0.389,0.51,13,F,M,0.6012
0.55,0.425,0.15,0.8315,0.411,0.1765,0.2165,10,M,M,0.4538
0.37,0.27,0.095,0.2175,0.097,0.046,0.065,6,I,I,0.8386
0.61,0.46,0.145,1.1185,0.478,0.2945,0.2985,10,F,M,0.4871
0.6,0.495,0.185,1.1145,0.5055,0.2635,0.367,11,M,F,0.4989
0.525,0.43,0.165,0.8645,0.376,0.1945,0.2515,16,M,M,0.5249
0.585,0.475,0.185,0.8575,0.3465,0.1785,0.275,12,F,F,0.489
0.53,0.455,0.165,0.9805,0.3155,0.2815,0.2965,11,F,F,0.5781
0.465,0.35,0.12,0.5205,0.2015,0.1625,0.185,11,M,M,0.4136
0.58,0.425,0.155,0.873,0.3615,0.249,0.239,10,F,F,0.4508
0.545,0.435,0.15,0.6855,0.2905,0.145,0.225,10,F,I,0.3573
0.495,0.385,0.125,0.585,0.2755,0.1235,0.165,8,I,I,0.5264
0.63,0.5,0.185,1.362,0.5785,0.3125,0.384,10,M,F,0.4994
0.495,0.375,0.115,0.5755,0.31,0.1145,0.1395,8,I,I,0.5963
0.395,0.31,0.085,0.317,0.153,0.0505,0.0935,7,I,I,0.7771
0.73,0.585,0.225,2.2305,1.2395,0.422,0.563,14,M,M,0.749
0.36,0.265,0.09,0.2065,0.078,0.057,0.06,8,F,I,0.731
0.645,0.5,0.19,1.5595,0.741,0.3715,0.3845,14,M,M,0.5759
0.44,0.345,0.17,0.4085,0.15,0.0825,0.1515,12,F,I,0.3825
0.695,0.55,0.215,1.9565,0.7125,0.541,0.59,14,M,F,0.6158
0.545,0.42,0.12,0.7865,0.403,0.185,0.17,7,M,M,0.3824
0.575,0.45,0.185,0.925,0.342,0.197,0.35,12,M,F,0.482
0.65,0.505,0.17,1.5595,0.695,0.3515,0.395,11,M,M,0.5558
0.68,0.545,0.185,1.672,0.7075,0.364,0.48,11,M,F,0.5
0.78,0.63,0.215,2.657,1.488,0.4985,0.586,11,F,M,0.8011
0.625,0.47,0.145,1.7855,0.675,0.247,0.3245,13,M,M,0.6572
0.36,0.27,0.085,0.2185,0.1065,0.038,0.062,6,I,I,0.8369
0.635,0.495,0.18,1.596,0.617,0.317,0.37,11,F,M,0.5239
0.7,0.575,0.19,2.273,1.095,0.418,0.638,12,M,M,0.7065
0.625,0.475,0.13,0.8595,0.3195,0.1775,0.24,13,F,F,0.4267
0.47,0.375,0.13,0.523,0.214,0.132,0.145,8,M,I,0.4357
0.295,0.215,0.075,0.129,0.05,0.0295,0.04,7,M,I,0.7662
0.41,0.31,0.11,0.315,0.124,0.082,0.095,9,I,I,0.6244
0.62,0.48,0.16,1.1125,0.5635,0.2445,0.281,8,F,M,0.4895
0.59,0.485,0.155,1.0785,0.4535,0.2435,0.31,9,M,F,0.4794
0.6,0.465,0.155,1.0165,0.512,0.2465,0.225,10,M,M,0.5002
0.6,0.45,0.145,0.877,0.4325,0.155,0.24,9,M,I,0.437
0.645,0.485,0.15,1.2215,0.5695,0.2735,0.33,9,M,M,0.5017
0.555,0.44,0.145,0.85,0.4165,0.1685,0.23,8,M,M,0.3966
0.39,0.285,0.095,0.271,0.11,0.06,0.08,8,M,I,0.749
0.56,0.435,0.13,0.777,0.354,0.173,0.222,9,I,M,0.3567
0.62,0.51,0.18,1.233,0.592,0.274,0.322,10,F,M,0.501
0.41,0.315,0.11,0.321,0.1255,0.0655,0.095,10,F,I,0.6114
0.615,0.47,0.15,1.0875,0.4975,0.283,0.2685,9,M,M,0.4763
0.49,0.4,0.145,0.6635,0.21,0.1295,0.2515,13,F,M,0.4237
0.665,0.515,0.165,1.3855,0.621,0.302,0.3445,8,M,M,0.4926
0.57,0.44,0.12,0.803,0.382,0.1525,0.234,9,F,I,0.4354
0.5,0.39,0.125,0.583,0.294,0.132,0.1605,8,I,I,0.5149
0.555,0.445,0.135,0.836,0.336,0.1625,0.275,13,M,M,0.4433
0.325,0.2,0.08,0.0995,0.0395,0.0225,0.032,8,I,I,0.8559
0.67,0.525,0.195,1.42,0.573,0.368,0.3905,10,F,F,0.5858
0.5,0.38,0.11,0.494,0.218,0.09,0.1325,7,I,I,0.7683
0.54,0.42,0.13,0.7505,0.368,0.1675,0.1845,9,F,M,0.3926
0.505,0.39,0.12,0.5725,0.2555,0.1325,0.146,8,F,I,0.5275
0.645,0.485,0.215,1.514,0.546,0.2615,0.635,16,M,M,0.5107
0.645,0.49,0.16,1.251,0.5355,0.3345,0.3165,9,M,F,0.5158
0.62,0.51,0.15,1.456,0.581,0.2875,0.32,13,F,M,0.5222
0.66,0.525,0.18,1.478,0.5815,0.381,0.372,10,M,F,0.5762
0.52,0.4,0.125,0.559,0.254,0.139,0.149,8,M,I,0.5566
0.485,0.37,0.13,0.526,0.2485,0.105,0.1555,6,M,I,0.7083
0.615,0.455,0.13,0.9685,0.49,0.182,0.2655,10,M,M,0.4044
0.325,0.24,0.075,0.152,0.065,0.0305,0.045,6,I,I,0.8358
0.425,0.3,0.095,0.3515,0.141,0.0775,0.12,8,I,I,0.7574
0.7,0.535,0.16,1.7255,0.63,0.2635,0.54,19,M,M,0.5346
0.535,0.41,0.155,0.6315,0.2745,0.1415,0.1815,12,I,M,0.3596
0.49,0.39,0.135,0.592,0.242,0.096,0.1835,15,M,M,0.439
0.46,0.345,0.105,0.415,0.187,0.087,0.11,8,I,I,0.7156
0.69,0.55,0.18,1.659,0.8715,0.2655,0.4395,9,F,M,0.6383
0.475,0.365,0.14,0.6175,0.202,0.1445,0.19,16,M,M,0.4983
0.475,0.375,0.11,0.494,0.211,0.109,0.1545,8,I,I,0.6013
0.355,0.27,0.1,0.2255,0.11,0.042,0.064,7,I,I,0.7657
0.525,0.4,0.125,0.5655,0.2435,0.119,0.175,8,I,I,0.6483
0.505,0.39,0.13,0.674,0.3165,0.141,0.1785,9,F,M,0.3737
0.415,0.3,0.1,0.3355,0.1545,0.0685,0.095,7,M,I,0.782
0.52,0.41,0.14,0.6625,0.2775,0.1555,0.196,11,I,M,0.3917
0.53,0.415,0.175,0.7395,0.261,0.1395,0.2645,17,M,F,0.4578
0.765,0.585,0.18,2.398,1.128,0.512,0.5335,12,M,M,0.6537
0.71,0.56,0.18,1.652,0.735,0.381,0.4525,11,F,F,0.5138
0.575,0.425,0.135,0.7965,0.364,0.196,0.239,10,I,M,0.3826
0.315,0.24,0.085,0.1715,0.071,0.0345,0.0535,7,I,I,0.7474
0.3,0.23,0.075,0.15,0.0605,0.042,0.045,5,I,I,0.7918
0.695,0.535,0.2,1.5855,0.667,0.334,0.471,11,F,F,0.5146
0.56,0.445,0.195,0.981,0.305,0.2245,0.335,16,F,F,0.5629
0.68,0.54,0.21,1.7885,0.8345,0.408,0.437,13,M,M,0.5527
0.415,0.325,0.1,0.313,0.139,0.0625,0.0965,7,I,I,0.7737
0.595,0.49,0.185,1.185,0.482,0.2015,0.361,10,M,M,0.4736
0.57,0.45,0.18,0.908,0.4015,0.217,0.255,9,F,F,0.4484
0.71,0.5,0.15,1.3165,0.6835,0.2815,0.28,10,F,M,0.5239
0.49,0.37,0.115,0.541,0.171,0.1175,0.185,11,F,I,0.4415
0.575,0.45,0.145,0.795,0.364,0.1505,0.26,10,I,I,0.3749
0.625,0.49,0.2,1.3825,0.5895,0.285,0.381,11,F,M,0.5126
0.45,0.355,0.115,0.478,0.18,0.1185,0.155,10,M,I,0.4048
0.625,0.495,0.16,1.234,0.6335,0.192,0.35,13,F,M,0.5833
0.595,0.455,0.155,1.041,0.416,0.2105,0.365,14,M,M,0.488
0.275,0.195,0.065,0.106,0.054,0.02,0.028,6,I,I,0.8106
0.625,0.42,0.165,1.0595,0.358,0.165,0.445,21,F,M,0.5103
0.575,0.43,0.155,0.7955,0.3485,0.1925,0.22,9,F,M,0.358
0.615,0.495,0.155,1.2865,0.435,0.293,0.3245,11,M,F,0.5637
0.575,0.42,0.19,1.764,0.914,0.377,0.4095,10,F,M,0.7791
0.5,0.405,0.155,0.772,0.346,0.1535,0.245,12,M,M,0.5043
0.52,0.415,0.145,0.8045,0.3325,0.1725,0.285,10,F,M,0.447
0.6,0.465,0.18,1.193,0.5145,0.315,0.3055,8,M,F,0.4947
0.615,0.47,0.145,1.0285,0.4435,0.2825,0.285,11,M,F,0.4932
0.66,0.53,0.18,1.5175,0.7765,0.302,0.401,10,F,M,0.5942
0.42,0.34,0.115,0.4215,0.175,0.093,0.135,8,M,I,0.5418
0.67,0.52,0.175,1.4755,0.6275,0.379,0.374,10,M,F,0.5334
0.285,0.22,0.065,0.096,0.0405,0.0205,0.03,5,I,I,0.8412
0.66,0.53,0.17,1.326,0.519,0.2625,0.44,13,F,F,0.534
0.55,0.415,0.135,0.8145,0.427,0.1855,0.175,8,F,M,0.4223
0.33,0.245,0.065,0.1445,0.058,0.032,0.0505,6,I,I,0.8522
0.535,0.43,0.155,0.7845,0.3285,0.169,0.245,10,M,M,0.4133
0.59,0.5,0.2,1.187,0.412,0.2705,0.37,16,M,F,0.5939
0.315,0.23,0.07,0.164,0.0625,0.04,0.045,6,I,I,0.7994
0.395,0.3,0.105,0.3375,0.1435,0.0755,0.098,12,F,I,0.4423
0.595,0.44,0.135,0.964,0.5005,0.1715,0.2575,10,F,M,0.4383
0.57,0.455,0.165,1.0595,0.44,0.2195,0.285,14,F,M,0.5142
0.535,0.42,0.145,0.6885,0.273,0.1515,0.237,9,I,I,0.382
0.47,0.365,0.12,0.582,0.29,0.092,0.146,8,F,I,0.5679
0.725,0.53,0.19,1.7315,0.83,0.398,0.405,11,F,M,0.5619
0.56,0.44,0.155,0.811,0.3685,0.178,0.235,11,I,M,0.4233
0.625,0.48,0.145,1.085,0.4645,0.2445,0.327,10,M,M,0.4471
0.485,0.36,0.12,0.5155,0.2465,0.1025,0.147,8,I,I,0.6626
0.54,0.42,0.145,0.8655,0.4315,0.163,0.2175,10,F,M,0.4845
0.595,0.465,0.15,1.1005,0.5415,0.166,0.265,8,F,M,0.4725
0.545,0.43,0.155,0.8035,0.409,0.144,0.228,7,M,I,0.4341
0.625,0.495,0.155,1.0485,0.487,0.212,0.3215,11,M,M,0.444
0.525,0.4,0.13,0.6455,0.325,0.1245,0.17,8,I,I,0.566
0.45,0.345,0.115,0.496,0.1905,0.117,0.14,12,F,M,0.4125
0.445,0.355,0.15,0.485,0.181,0.125,0.155,11,F,M,0.4026
0.57,0.465,0.18,1.295,0.339,0.2225,0.44,12,F,F,0.5532
0.725,0.57,0.19,2.55,1.0705,0.483,0.725,14,M,M,0.6657
0.585,0.42,0.155,0.9845,0.442,0.2155,0.2875,13,F,M,0.5237
0.39,0.3,0.09,0.3055,0.143,0.0645,0.085,9,M,I,0.6537
0.475,0.365,0.12,0.53,0.2505,0.0975,0.1625,10,I,I,0.5256
0.57,0.44,0.175,0.9415,0.3805,0.2285,0.283,9,M,F,0.4589
0.53,0.405,0.12,0.632,0.2715,0.148,0.1875,9,I,I,0.4688
0.415,0.325,0.1,0.385,0.167,0.08,0.125,7,I,I,0.6897
0.61,0.48,0.14,1.031,0.4375,0.2615,0.27,8,M,F,0.4723
0.645,0.5,0.175,1.286,0.5645,0.288,0.386,12,M,M,0.4913
0.36,0.265,0.09,0.2055,0.096,0.037,0.0585,7,I,I,0.8161
0.53,0.415,0.15,0.7775,0.237,0.1415,0.33,20,F,M,0.481
0.415,0.31,0.09,0.3245,0.1305,0.0735,0.115,8,M,I,0.7419
0.38,0.325,0.11,0.3105,0.12,0.074,0.105,10,F,I,0.4524
0.65,0.495,0.16,1.2075,0.55,0.2695,0.32,10,M,M,0.4787
0.46,0.33,0.15,0.5325,0.2085,0.1805,0.125,10,F,M,0.4433
0.425,0.315,0.095,0.3675,0.1865,0.0675,0.0985,7,I,I,0.7817
0.375,0.28,0.08,0.2165,0.0935,0.0925,0.07,7,I,I,0.7184
0.435,0.33,0.105,0.335,0.156,0.0555,0.105,8,I,I,0.7923
0.625,0.515,0.16,1.264,0.5715,0.326,0.321,9,F,F,0.5134
0.58,0.44,0.175,1.2255,0.5405,0.2705,0.3265,10,M,M,0.5641
0.7,0.575,0.17,1.31,0.5095,0.314,0.42,14,F,F,0.6375
0.575,0.45,0.125,0.78,0.3275,0.188,0.235,9,I,F,0.3473
0.43,0.34,0.12,0.3575,0.151,0.0645,0.1045,9,I,I,0.6554
0.24,0.185,0.06,0.0655,0.0295,0.0005,0.02,4,I,I,0.8518
0.35,0.26,0.095,0.211,0.086,0.056,0.068,7,I,I,0.7451
0.25,0.175,0.06,0.0635,0.0275,0.008,0.02,4,I,I,0.8711
0.57,0.42,0.14,0.8745,0.416,0.165,0.25,8,M,I,0.4044
0.59,0.47,0.17,0.9,0.355,0.1905,0.25,11,F,F,0.4774
0.46,0.355,0.11,0.4255,0.2015,0.081,0.13,7,I,I,0.7551
0.435,0.33,0.11,0.413,0.2055,0.096,0.096,6,I,I,0.7065
0.625,0.485,0.15,1.0945,0.531,0.261,0.296,10,F,M,0.486
0.46,0.375,0.13,0.5735,0.2505,0.119,0.195,9,M,I,0.3822
0.455,0.35,0.105,0.401,0.1575,0.083,0.135,9,M,I,0.6757
0.485,0.375,0.135,0.556,0.1925,0.1315,0.1685,10,F,I,0.3655
0.425,0.33,0.13,0.4405,0.152,0.0935,0.155,9,M,I,0.4942
0.31,0.235,0.075,0.1515,0.056,0.0315,0.05,7,I,I,0.7677
0.645,0.51,0.155,1.539,0.6405,0.3585,0.43,11,M,M,0.5221
0.695,0.55,0.195,1.6645,0.727,0.36,0.445,11,M,F,0.5042
0.425,0.34,0.105,0.389,0.2015,0.0905,0.088,6,I,I,0.6905
0.575,0.455,0.155,0.8725,0.349,0.2095,0.285,8,I,F,0.4195
0.63,0.515,0.165,1.352,0.488,0.349,0.45,20,M,F,0.5755
0.305,0.215,0.065,0.1075,0.044,0.0205,0.038,5,I,I,0.8838
0.505,0.385,0.11,0.655,0.3185,0.15,0.185,9,M,I,0.4062
0.645,0.505,0.165,1.318,0.55,0.3015,0.335,11,F,F,0.5096
0.485,0.38,0.15,0.605,0.2155,0.14,0.18,15,F,M,0.4668
0.3,0.22,0.065,0.1195,0.052,0.0155,0.035,5,I,I,0.8714
0.62,0.47,0.225,1.115,0.378,0.2145,0.36,15,F,F,0.5675
0.325,0.23,0.09,0.147,0.06,0.034,0.045,4,M,I,0.8816
0.415,0.315,0.115,0.3895,0.2015,0.065,0.103,9,M,I,0.6326
0.49,0.38,0.135,0.5415,0.2175,0.095,0.19,11,M,I,0.4863
0.595,0.5,0.18,1.053,0.4405,0.192,0.39,13,F,F,0.487
0.685,0.535,0.175,1.432,0.637,0.247,0.46,11,M,M,0.5006
0.655,0.515,0.17,1.527,0.8485,0.2635,0.331,11,F,M,0.6786
0.315,0.235,0.07,0.149,0.058,0.0325,0.047,7,I,I,0.7862
0.57,0.445,0.145,0.8775,0.412,0.217,0.22,8,F,M,0.4254
0.385,0.3,0.095,0.302,0.152,0.0615,0.0735,7,I,I,0.7241
0.63,0.49,0.17,1.217,0.5515,0.212,0.31,11,I,M,0.5088
0.645,0.51,0.155,1.129,0.5015,0.24,0.342,10,F,F,0.4645
0.655,0.515,0.2,1.373,0.443,0.3375,0.49,16,M,F,0.6353
0.56,0.44,0.13,0.8255,0.2425,0.202,0.285,10,M,F,0.4652
0.5,0.42,0.135,0.6765,0.302,0.1415,0.2065,9,M,M,0.3851
0.46,0.355,0.13,0.458,0.192,0.1055,0.13,13,F,M,0.3893
0.66,0.53,0.185,1.3485,0.493,0.245,0.49,12,F,F,0.5464
0.515,0.4,0.125,0.955,0.341,0.2535,0.26,13,M,M,0.5365
0.7,0.525,0.19,1.6015,0.707,0.365,0.43,10,F,M,0.5023
0.5,0.405,0.14,0.6735,0.265,0.124,0.25,18,F,M,0.508
0.505,0.39,0.115,0.66,0.3045,0.1555,0.175,8,F,I,0.4026
0.645,0.5,0.18,1.461,0.5985,0.2425,0.439,11,M,M,0.5347
0.645,0.5,0.175,1.3385,0.633,0.299,0.349,11,M,M,0.5322
0.45,0.325,0.115,0.4305,0.2235,0.0785,0.1155,8,M,I,0.7258
0.625,0.495,0.175,1.254,0.5815,0.286,0.3185,9,M,M,0.5026
0.61,0.485,0.145,1.3305,0.783,0.2255,0.2865,9,M,M,0.6781
0.52,0.41,0.16,0.712,0.2845,0.153,0.225,10,F,M,0.3864
0.65,0.52,0.155,1.368,0.6185,0.288,0.365,9,M,M,0.5094
0.3,0.235,0.08,0.131,0.05,0.0265,0.043,4,I,I,0.851
0.735,0.57,0.175,1.88,0.9095,0.387,0.488,11,M,M,0.5923
0.395,0.295,0.1,0.2715,0.134,0.0325,0.085,10,I,I,0.7429
0.165,0.115,0.015,0.0145,0.0055,0.003,0.005,4,I,I,0.7929
0.47,0.365,0.105,0.4205,0.163,0.1035,0.14,9,F,I,0.6276
0.285,0.225,0.07,0.1005,0.0425,0.0185,0.035,7,I,I,0.7703
0.455,0.36,0.115,0.457,0.2085,0.0855,0.147,10,I,I,0.5525
0.555,0.435,0.145,0.6975,0.262,0.1575,0.24,11,I,F,0.3674
0.46,0.375,0.12,0.4915,0.2205,0.088,0.17,7,F,I,0.6572
0.725,0.575,0.175,2.124,0.765,0.4515,0.85,20,F,F,0.5094
0.415,0.32,0.115,0.3045,0.1215,0.0735,0.094,7,I,I,0.7393
0.27,0.195,0.07,0.106,0.0465,0.018,0.036,7,M,I,0.7641
0.5,0.385,0.13,0.768,0.2625,0.095,0.27,13,F,M,0.4396
0.655,0.52,0.19,1.4545,0.6,0.3865,0.383,10,F,F,0.5648
0.635,0.475,0.15,1.1845,0.533,0.307,0.291,10,F,M,0.4928
0.635,0.495,0.175,1.2355,0.5205,0.3085,0.347,10,F,F,0.5235
0.335,0.25,0.075,0.1825,0.0705,0.044,0.055,7,I,I,0.7749
0.39,0.31,0.1,0.302,0.116,0.064,0.115,11,I,I,0.5391
0.72,0.565,0.2,2.1055,1.017,0.363,0.494,12,M,M,0.6715
0.535,0.42,0.16,0.72,0.275,0.164,0.225,15,M,F,0.4532
0.5,0.415,0.165,0.6885,0.249,0.138,0.25,13,M,M,0.43
0.655,0.51,0.155,1.2895,0.5345,0.2855,0.41,11,F,F,0.4973
0.575,0.465,0.195,0.9965,0.417,0.247,0.47,8,F,F,0.4699
0.505,0.38,0.135,0.5385,0.2645,0.095,0.165,9,I,I,0.6518
0.555,0.445,0.175,1.1465,0.551,0.244,0.2785,8,F,M,0.5701
0.515,0.41,0.14,0.7355,0.3065,0.137,0.2,7,M,I,0.4103
0.47,0.39,0.15,0.6355,0.2185,0.0885,0.255,9,M,I,0.4236
0.495,0.37,0.125,0.4715,0.2075,0.091,0.15,8,I,I,0.7367
0.53,0.42,0.13,0.658,0.296,0.1245,0.198,8,I,I,0.5386
0.64,0.495,0.165,1.307,0.678,0.292,0.266,11,M,M,0.5754
0.69,0.55,0.2,1.569,0.687,0.3675,0.46,12,F,F,0.5367
0.645,0.525,0.19,1.4635,0.6615,0.3435,0.435,19,F,M,0.5148
0.49,0.39,0.12,0.511,0.2205,0.103,0.1745,9,I,I,0.5862
0.57,0.46,0.15,1.0375,0.5415,0.2035,0.25,9,M,M,0.539
0.435,0.335,0.11,0.4385,0.2075,0.0715,0.1315,7,M,I,0.7205
0.52,0.395,0.115,0.6445,0.3155,0.1245,0.186,11,I,I,0.4341
0.55,0.43,0.13,0.8395,0.3155,0.1955,0.2405,10,M,M,0.4226
0.64,0.505,0.19,1.2765,0.4835,0.328,0.4,12,F,F,0.5864
0.385,0.31,0.1,0.2845,0.1065,0.075,0.1,11,M,I,0.4866
0.175,0.135,0.04,0.0305,0.011,0.0075,0.01,5,M,I,0.7151
0.625,0.495,0.175,1.2935,0.5805,0.317,0.355,9,M,M,0.4944
0.735,0.59,0.205,2.087,0.909,0.474,0.625,12,M,M,0.5107
0.63,0.5,0.175,1.1105,0.467,0.268,0.329,10,F,F,0.5285
0.405,0.315,0.105,0.347,0.1605,0.0785,0.1,9,I,I,0.5935
0.57,0.445,0.15,0.995,0.504,0.185,0.2505,9,F,M,0.5017
0.41,0.325,0.12,0.3745,0.158,0.081,0.125,12,M,I,0.3986
0.55,0.415,0.18,1.1655,0.502,0.301,0.311,9,F,M,0.5574
0.765,0.6,0.22,2.302,1.007,0.509,0.6205,12,M,M,0.5293
0.6,0.5,0.16,1.122,0.5095,0.256,0.309,10,F,F,0.4813
0.405,0.3,0.09,0.269,0.103,0.067,0.11,6,I,I,0.8405
0.46,0.36,0.135,0.6105,0.1955,0.107,0.235,14,M,M,0.4641
0.66,0.53,0.185,1.346,0.546,0.2705,0.476,11,F,F,0.5258
0.525,0.405,0.125,0.657,0.2985,0.1505,0.168,10,I,M,0.3596
0.665,0.505,0.16,1.2915,0.631,0.2925,0.32,11,F,M,0.523
0.47,0.375,0.13,0.5795,0.2145,0.164,0.195,13,M,M,0.4665
0.58,0.475,0.155,0.974,0.4305,0.23,0.285,10,F,F,0.4652
0.465,0.36,0.115,0.5795,0.295,0.1395,0.12,7,M,I,0.445
0.405,0.29,0.09,0.2825,0.112,0.075,0.0815,7,I,I,0.7863
0.65,0.52,0.15,1.238,0.5495,0.296,0.3305,10,I,F,0.5071
0.41,0.335,0.105,0.3305,0.1405,0.064,0.105,7,I,I,0.7225
0.545,0.425,0.14,0.8145,0.305,0.231,0.244,10,I,F,0.4631
0.205,0.155,0.045,0.0495,0.0235,0.011,0.014,3,I,I,0.8279
0.58,0.46,0.13,0.921,0.357,0.181,0.29,13,M,M,0.4437
0.595,0.43,0.165,0.9845,0.4525,0.207,0.2725,8,I,M,0.4229
0.32,0.245,0.075,0.1555,0.0585,0.038,0.049,11,M,I,0.5893
0.525,0.395,0.13,0.7635,0.3375,0.1425,0.225,8,M,I,0.4307
0.555,0.455,0.16,1.0575,0.3925,0.228,0.293,13,M,F,0.4902
0.65,0.545,0.175,1.5245,0.59,0.326,0.495,10,F,F,0.5459
0.49,0.36,0.11,0.5005,0.161,0.107,0.195,17,F,M,0.416
0.63,0.485,0.175,1.3,0.4335,0.2945,0.46,23,M,F,0.552
0.62,0.485,0.175,1.2155,0.545,0.253,0.345,10,F,M,0.5019
0.425,0.315,0.125,0.3525,0.1135,0.0565,0.13,18,M,M,0.4467
0.245,0.205,0.06,0.0765,0.034,0.014,0.0215,4,I,I,0.8123
0.58,0.455,0.165,1.1365,0.369,0.3005,0.275,13,F,F,0.5678
0.52,0.385,0.115,0.669,0.2385,0.172,0.205,12,M,M,0.4136
0.355,0.265,0.085,0.2435,0.122,0.0525,0.06,6,I,I,0.786
0.62,0.495,0.18,1.2555,0.5765,0.254,0.355,12,M,M,0.5238
0.42,0.33,0.1,0.352,0.1635,0.089,0.1,9,I,I,0.5943
0.165,0.12,0.03,0.0215,0.007,0.005,0.005,3,I,I,0.7987
0.51,0.39,0.105,0.612,0.187,0.15,0.195,13,F,M,0.391
0.585,0.45,0.15,1.047,0.4315,0.276,0.315,14,M,M,0.4966
0.46,0.35,0.11,0.4,0.176,0.083,0.1205,7,I,I,0.7668
0.36,0.285,0.105,0.2415,0.0915,0.057,0.075,7,I,I,0.7019
0.52,0.395,0.125,0.5805,0.2445,0.146,0.165,9,I,I,0.477
0.385,0.255,0.1,0.3175,0.137,0.068,0.092,8,M,I,0.7274
0.43,0.33,0.1,0.449,0.254,0.0825,0.097,6,I,I,0.718
0.665,0.535,0.19,1.496,0.5775,0.2815,0.475,17,F,F,0.5285
0.59,0.45,0.125,0.86,0.437,0.1515,0.245,9,I,I,0.4606
0.57,0.435,0.145,0.9055,0.3925,0.2355,0.275,10,M,M,0.4589
0.425,0.315,0.08,0.303,0.131,0.0585,0.095,7,I,I,0.8437
0.615,0.48,0.16,1.2525,0.585,0.2595,0.33,8,F,M,0.5337
0.5,0.385,0.12,0.516,0.197,0.1305,0.165,8,I,I,0.5766
0.365,0.27,0.085,0.196,0.0825,0.0375,0.06,7,I,I,0.8303
0.61,0.465,0.16,1.0725,0.4835,0.2515,0.28,10,F,M,0.4782
0.3,0.22,0.08,0.121,0.0475,0.042,0.035,5,I,I,0.8138
0.595,0.48,0.14,0.9125,0.4095,0.1825,0.289,9,M,M,0.368
0.52,0.42,0.16,0.745,0.255,0.157,0.2885,11,M,F,0.4154
0.41,0.325,0.1,0.394,0.208,0.0655,0.106,6,I,I,0.7442
0.63,0.48,0.165,1.286,0.604,0.271,0.35,8,M,M,0.534
0.695,0.515,0.175,1.5165,0.578,0.4105,0.39,15,M,F,0.5826
0.71,0.56,0.22,2.015,0.9215,0.454,0.566,11,M,M,0.5572
0.52,0.4,0.165,0.8565,0.2745,0.201,0.21,12,M,F,0.4793
0.46,0.345,0.11,0.4595,0.235,0.0885,0.116,7,M,I,0.7244
0.59,0.45,0.185,1.283,0.473,0.276,0.425,16,M,M,0.5168
0.425,0.315,0.1,0.377,0.1645,0.072,0.105,6,I,I,0.7924
0.58,0.45,0.16,0.8675,0.3935,0.221,0.215,9,M,F,0.4294
0.25,0.185,0.065,0.0685,0.0295,0.014,0.0225,5,I,I,0.819
0.35,0.25,0.075,0.1695,0.0835,0.0355,0.041,6,I,I,0.8636
0.335,0.24,0.095,0.17,0.062,0.039,0.055,9,I,I,0.7118
0.565,0.435,0.145,0.8445,0.3975,0.158,0.255,9,I,M,0.3683
0.605,0.47,0.16,1.0835,0.5405,0.2215,0.275,12,F,M,0.5341
0.58,0.445,0.135,0.814,0.3775,0.1915,0.22,9,M,M,0.3646
0.62,0.5,0.175,1.186,0.4985,0.3015,0.35,12,F,F,0.5385
0.645,0.51,0.165,1.403,0.5755,0.2515,0.4545,11,M,M,0.5122
0.5,0.38,0.125,0.519,0.2485,0.1135,0.134,8,I,I,0.6296
0.16,0.12,0.035,0.021,0.0075,0.0045,0.005,5,I,I,0.7027
0.39,0.315,0.09,0.3095,0.147,0.05,0.09,7,I,I,0.7529
0.58,0.49,0.13,1.1335,0.586,0.2565,0.237,9,M,M,0.5625
0.6,0.475,0.15,1.089,0.5195,0.223,0.292,11,M,M,0.5178
0.4,0.31,0.1,0.2875,0.1145,0.0635,0.095,10,I,I,0.6329
0.495,0.37,0.125,0.4775,0.185,0.0705,0.169,18,I,M,0.3943
0.64,0.49,0.18,1.36,0.653,0.347,0.305,9,F,M,0.528
0.28,0.21,0.08,0.1085,0.041,0.0265,0.0345,7,M,I,0.7397
0.63,0.49,0.155,1.229,0.535,0.29,0.335,11,M,M,0.4927
0.44,0.32,0.12,0.4565,0.2435,0.092,0.1025,8,M,I,0.6242
0.515,0.435,0.17,0.631,0.2765,0.111,0.216,12,F,F,0.3639
0.635,0.48,0.19,1.467,0.5825,0.303,0.42,15,M,M,0.5271
0.66,0.525,0.2,1.463,0.6525,0.2995,0.422,11,F,M,0.5015
0.64,0.54,0.175,1.221,0.51,0.259,0.39,15,F,F,0.5544
0.45,0.35,0.13,0.46,0.174,0.111,0.135,8,M,I,0.5224
0.645,0.49,0.19,1.3065,0.479,0.3565,0.345,18,F,F,0.5902
0.565,0.44,0.155,0.9395,0.4275,0.214,0.27,12,F,M,0.5036
0.585,0.46,0.17,1.0835,0.3745,0.326,0.325,14,F,F,0.5832
0.165,0.12,0.05,0.021,0.0075,0.0045,0.014,3,I,I,0.7874
0.6,0.485,0.175,1.2675,0.4995,0.2815,0.38,13,M,F,0.5029
0.61,0.47,0.175,1.214,0.5315,0.2835,0.325,10,M,M,0.5054
0.28,0.21,0.085,0.1075,0.0415,0.024,0.034,5,I,I,0.8123
0.615,0.475,0.17,1.1825,0.474,0.2895,0.24,11,M,F,0.5236
0.505,0.4,0.125,0.583,0.246,0.13,0.175,7,F,I,0.5629
0.425,0.35,0.1,0.4425,0.175,0.0755,0.175,7,F,I,0.6722
0.185,0.135,0.045,0.032,0.011,0.0065,0.01,4,I,I,0.7826
0.485,0.4,0.155,0.731,0.236,0.183,0.255,11,F,F,0.4573
0.36,0.25,0.115,0.465,0.21,0.1055,0.128,7,I,I,0.4378
0.395,0.295,0.115,0.316,0.1205,0.0595,0.1105,12,M,I,0.5163
0.615,0.475,0.155,1.004,0.4475,0.193,0.2895,10,F,M,0.4128
0.595,0.47,0.145,0.991,0.4035,0.1505,0.34,16,M,M,0.4823
0.625,0.475,0.16,1.3335,0.605,0.2875,0.319,10,F,M,0.5581
0.47,0.36,0.105,0.544,0.27,0.1395,0.129,7,M,I,0.5187
0.515,0.395,0.135,0.516,0.2015,0.132,0.162,9,F,I,0.5385
0.515,0.395,0.125,0.556,0.2695,0.096,0.17,8,I,I,0.7034
0.625,0.485,0.135,1.3025,0.61,0.2675,0.3605,14,F,M,0.5907
0.57,0.44,0.095,0.827,0.3395,0.2215,0.235,8,M,M,0.3776
0.33,0.225,0.075,0.187,0.0945,0.0395,0.0425,7,I,I,0.7989
0.515,0.405,0.145,0.695,0.215,0.1635,0.234,15,M,F,0.4633
0.55,0.435,0.165,0.804,0.34,0.194,0.244,8,I,F,0.3949
0.58,0.46,0.185,1.017,0.3515,0.2,0.32,10,F,F,0.5012
0.48,0.39,0.125,0.6905,0.219,0.155,0.2,12,F,M,0.4624
0.72,0.57,0.2,1.8275,0.919,0.366,0.485,10,M,M,0.5939
0.52,0.39,0.12,0.6435,0.2885,0.157,0.161,7,M,I,0.506
0.59,0.455,0.15,0.976,0.465,0.2055,0.2765,10,F,M,0.4673
0.54,0.395,0.135,0.6555,0.2705,0.155,0.192,9,I,I,0.4637
0.495,0.39,0.125,0.6655,0.284,0.162,0.2,11,I,M,0.4489
0.435,0.335,0.1,0.3295,0.129,0.07,0.11,7,I,I,0.7922
0.68,0.54,0.195,1.7825,0.5565,0.3235,0.4285,11,M,F,0.5964
0.47,0.355,0.12,0.4915,0.1765,0.1125,0.1325,9,I,I,0.5194
0.32,0.24,0.085,0.17,0.0655,0.047,0.049,7,M,I,0.7301
0.49,0.38,0.13,0.539,0.229,0.1355,0.165,12,F,M,0.3833
0.625,0.495,0.18,1.0815,0.4715,0.254,0.3135,10,M,F,0.509
0.455,0.37,0.11,0.514,0.2385,0.1235,0.126,8,I,I,0.4468
0.68,0.52,0.185,1.541,0.5985,0.395,0.4575,10,F,F,0.5681
0.51,0.38,0.115,0.5155,0.215,0.1135,0.166,8,I,I,0.6941
0.525,0.365,0.17,0.9605,0.438,0.2225,0.276,10,M,M,0.5797
0.375,0.285,0.095,0.253,0.096,0.0575,0.0925,9,M,I,0.6816
0.62,0.495,0.175,1.806,0.643,0.3285,0.725,17,M,M,0.5829
0.54,0.42,0.155,0.7385,0.3515,0.152,0.215,12,M,M,0.4294
0.595,0.45,0.145,0.959,0.463,0.2065,0.2535,10,M,M,0.4592
0.59,0.46,0.13,1.102,0.455,0.2055,0.33,12,M,M,0.518
0.61,0.475,0.165,1.116,0.428,0.2205,0.315,15,M,F,0.4962
0.39,0.29,0.09,0.2745,0.135,0.0455,0.078,8,I,I,0.7827
0.475,0.36,0.1,0.4285,0.1965,0.099,0.112,7,M,I,0.7476
0.505,0.4,0.125,0.5605,0.2255,0.1435,0.17,8,I,I,0.4793
0.605,0.475,0.165,1.056,0.433,0.2195,0.357,9,F,F,0.4411
0.515,0.39,0.14,0.5555,0.2,0.1135,0.2235,12,I,I,0.452
0.295,0.22,0.07,0.126,0.0515,0.0275,0.035,6,I,I,0.8034
0.37,0.28,0.085,0.217,0.1095,0.035,0.062,6,I,I,0.8552
0.375,0.28,0.08,0.2025,0.0825,0.048,0.065,8,I,I,0.7938
0.62,0.49,0.16,1.035,0.44,0.2525,0.285,11,M,F,0.5102
0.515,0.39,0.12,0.6125,0.302,0.1365,0.1415,8,M,I,0.5273
0.51,0.39,0.135,0.6335,0.231,0.179,0.2,9,F,M,0.3583
0.525,0.385,0.13,0.607,0.2355,0.125,0.195,8,I,I,0.621
0.225,0.17,0.07,0.0565,0.024,0.013,0.016,4,I,I,0.8043
0.54,0.42,0.12,0.8115,0.392,0.1455,0.2235,9,M,M,0.3881
0.495,0.375,0.115,0.507,0.241,0.103,0.15,8,I,I,0.6854
0.605,0.485,0.165,1.0105,0.435,0.209,0.3,19,F,F,0.4955
0.55,0.385,0.13,0.7275,0.343,0.1625,0.19,8,M,I,0.5094
0.5,0.38,0.14,0.6355,0.277,0.143,0.1785,8,F,I,0.4254
0.6,0.46,0.155,0.9735,0.427,0.2045,0.3,8,F,M,0.3888
0.57,0.435,0.14,0.8585,0.3905,0.196,0.2295,8,F,M,0.3897
0.415,0.305,0.105,0.3605,0.12,0.082,0.1,10,F,I,0.5657
0.605,0.48,0.175,1.1685,0.4815,0.2305,0.356,9,F,M,0.4663
0.585,0.475,0.185,0.9585,0.4145,0.1615,0.33,11,F,F,0.4177
0.575,0.46,0.165,0.9155,0.4005,0.2465,0.2385,8,M,F,0.4777
0.37,0.29,0.1,0.25,0.1025,0.0505,0.085,10,I,I,0.6202
0.545,0.45,0.15,0.7805,0.3795,0.1625,0.216,8,M,M,0.3705
0.42,0.315,0.11,0.4025,0.1855,0.083,0.1015,8,I,I,0.6324
0.375,0.295,0.11,0.3005,0.1255,0.0575,0.1035,7,F,I,0.7027
0.23,0.18,0.05,0.064,0.0215,0.0135,0.02,5,I,I,0.7847
0.455,0.435,0.11,0.4265,0.195,0.09,0.1205,8,I,I,0.4903
0.73,0.56,0.19,1.9425,0.799,0.5195,0.5655,11,F,F,0.5509
0.515,0.4,0.14,0.6335,0.288,0.145,0.168,9,M,I,0.3877
0.74,0.57,0.18,1.8725,0.9115,0.427,0.446,10,M,M,0.5631
0.43,0.33,0.095,0.32,0.118,0.065,0.123,7,I,I,0.8111
0.385,0.28,0.095,0.257,0.119,0.059,0.07,7,I,I,0.788
0.445,0.34,0.12,0.4475,0.193,0.1035,0.13,9,M,I,0.5293
0.72,0.59,0.205,1.7495,0.7755,0.4225,0.48,11,F,F,0.5651
0.5,0.405,0.15,0.5965,0.253,0.126,0.185,12,F,M,0.3886
0.65,0.515,0.18,1.463,0.658,0.3135,0.4115,11,M,M,0.5285
0.69,0.525,0.175,1.7005,0.8255,0.362,0.405,8,M,M,0.5984
0.43,0.34,0.11,0.3645,0.159,0.0855,0.105,7,I,I,0.6936
0.475,0.365,0.1,0.1315,0.2025,0.0875,0.123,7,I,I,0.9296
0.635,0.5,0.18,1.154,0.4405,0.2315,0.387,9,M,F,0.5033
0.405,0.3,0.105,0.304,0.1455,0.061,0.0805,6,I,I,0.8126
0.69,0.53,0.17,1.5535,0.7945,0.3485,0.3695,9,F,M,0.5779
0.4,0.32,0.095,0.303,0.1335,0.06,0.1,7,M,I,0.7547
0.505,0.39,0.125,0.5445,0.246,0.15,0.1405,7,F,I,0.5361
0.315,0.235,0.075,0.1285,0.051,0.028,0.0405,4,I,I,0.8824
0.335,0.25,0.095,0.185,0.0795,0.0495,0.055,8,I,I,0.6996
0.525,0.405,0.115,0.72,0.3105,0.1915,0.2,14,F,M,0.4959
0.545,0.42,0.165,0.8935,0.4235,0.2195,0.228,8,I,M,0.4791
0.475,0.35,0.1,0.4545,0.2165,0.111,0.115,7,I,I,0.7183
0.54,0.415,0.17,0.879,0.339,0.208,0.255,10,M,M,0.4558
0.6,0.46,0.155,0.9595,0.4455,0.189,0.295,11,M,M,0.4383
0.695,0.53,0.15,1.477,0.6375,0.3025,0.43,14,M,M,0.5144
0.665,0.57,0.185,1.522,0.6965,0.3025,0.405,13,F,F,0.5018
0.705,0.57,0.185,1.761,0.747,0.3725,0.488,10,F,F,0.5147
0.64,0.505,0.18,1.297,0.59,0.3125,0.363,11,M,F,0.4944
0.47,0.355,0.18,0.48,0.2055,0.105,0.1505,8,I,I,0.5425
0.61,0.5,0.165,1.2715,0.4915,0.185,0.49,12,M,M,0.4958
0.48,0.35,0.135,0.5465,0.2735,0.0995,0.158,8,I,I,0.6361
0.675,0.52,0.175,1.494,0.7365,0.3055,0.37,9,F,M,0.566
0.615,0.495,0.165,1.198,0.5415,0.2865,0.3185,10,F,M,0.4879
0.655,0.545,0.19,1.4245,0.6325,0.333,0.378,10,M,F,0.5401
0.55,0.465,0.15,0.936,0.481,0.174,0.2435,9,I,M,0.4912
0.48,0.365,0.12,0.6015,0.312,0.117,0.14,7,M,I,0.5614
0.545,0.415,0.15,0.7335,0.2795,0.163,0.2185,11,F,M,0.3777
0.46,0.35,0.115,0.44,0.19,0.1025,0.13,8,F,I,0.6378
0.645,0.51,0.16,1.1835,0.556,0.2385,0.345,11,M,M,0.4803
0.535,0.405,0.175,1.2705,0.548,0.3265,0.337,13,M,M,0.612
0.565,0.43,0.135,0.8545,0.321,0.1775,0.275,11,I,M,0.4064
0.505,0.38,0.13,0.693,0.391,0.1195,0.1515,8,F,I,0.4962
0.45,0.33,0.1,0.411,0.1945,0.1,0.098,6,I,I,0.758
0.6,0.46,0.155,0.6655,0.285,0.149,0.269,11,M,I,0.5097
0.47,0.36,0.11,0.4965,0.237,0.127,0.13,6,F,I,0.6419
0.65,0.545,0.165,1.566,0.6645,0.3455,0.415,16,F,M,0.5026
0.595,0.46,0.155,1.0455,0.4565,0.24,0.3085,10,F,M,0.476
0.215,0.155,0.06,0.0525,0.021,0.0165,0.015,5,I,I,0.763
0.425,0.305,0.11,0.359,0.173,0.0875,0.0975,9,M,I,0.6492
0.285,0.205,0.07,0.106,0.039,0.0285,0.034,5,I,I,0.8348
0.66,0.53,0.175,1.583,0.7395,0.3505,0.405,10,M,M,0.551
0.675,0.51,0.185,1.473,0.6295,0.3025,0.4245,11,F,M,0.5052
0.515,0.38,0.175,0.9565,0.325,0.158,0.31,14,M,M,0.5426
0.175,0.125,0.04,0.024,0.0095,0.006,0.005,4,M,I,0.7746
0.445,0.325,0.125,0.455,0.1785,0.1125,0.14,9,F,I,0.5179
0.585,0.46,0.165,1.058,0.486,0.25,0.294,9,F,M,0.4923
0.545,0.41,0.125,0.6935,0.2975,0.146,0.21,11,F,I,0.3791
0.315,0.235,0.075,0.1485,0.0585,0.0375,0.0425,6,I,I,0.8029
0.625,0.52,0.18,1.354,0.4845,0.351,0.375,11,F,F,0.611
0.54,0.425,0.16,0.9455,0.3675,0.2005,0.295,9,F,M,0.468
0.495,0.415,0.165,0.7485,0.264,0.134,0.285,13,M,M,0.4549
0.48,0.37,0.125,0.5435,0.244,0.101,0.165,9,I,I,0.5525
0.29,0.21,0.07,0.1115,0.048,0.0205,0.03,5,I,I,0.8512
0.55,0.415,0.15,0.7915,0.3535,0.176,0.236,10,I,M,0.4084
0.53,0.41,0.165,0.732,0.189,0.17,0.31,11,M,F,0.4504
0.51,0.385,0.145,0.7665,0.3985,0.14,0.1805,8,I,M,0.4095
0.64,0.505,0.175,1.3185,0.6185,0.302,0.3315,9,F,M,0.5086
0.475,0.365,0.125,0.5465,0.229,0.1185,0.172,9,I,I,0.48
0.525,0.41,0.15,0.708,0.274,0.151,0.25,12,F,M,0.4049
0.635,0.5,0.18,1.312,0.529,0.2485,0.485,18,F,M,0.5086
0.47,0.37,0.14,0.4985,0.2095,0.1225,0.145,10,I,I,0.3881
0.465,0.355,0.115,0.4705,0.1955,0.118,0.126,7,F,I,0.6144
0.38,0.3,0.1,0.286,0.1305,0.056,0.09,7,I,I,0.7339
0.45,0.36,0.125,0.4995,0.2035,0.1,0.17,13,F,M,0.4198
0.515,0.405,0.13,0.722,0.32,0.131,0.21,10,M,M,0.3876
0.515,0.4,0.14,0.7165,0.3495,0.1595,0.1785,8,I,M,0.3882
0.625,0.49,0.165,1.1835,0.517,0.2375,0.39,11,M,M,0.4859
0.545,0.4,0.13,0.686,0.3285,0.1455,0.18,9,I,I,0.4941
0.625,0.515,0.18,1.3485,0.5255,0.252,0.3925,14,F,F,0.5133
0.23,0.175,0.065,0.0645,0.026,0.0105,0.02,5,I,I,0.7844
0.57,0.455,0.15,0.952,0.3895,0.2155,0.2745,9,M,F,0.4392
0.55,0.425,0.145,0.89,0.4325,0.171,0.236,10,I,M,0.4789
0.36,0.265,0.09,0.2165,0.096,0.037,0.0735,10,F,I,0.7042
0.575,0.45,0.13,0.8145,0.403,0.1715,0.213,10,I,M,0.3873
0.665,0.525,0.16,1.363,0.629,0.279,0.34,8,M,M,0.4947
0.45,0.345,0.135,0.443,0.1975,0.0875,0.1175,14,I,M,0.4115
0.505,0.39,0.15,0.685,0.362,0.131,0.156,8,I,I,0.4109
0.55,0.445,0.11,0.7935,0.378,0.142,0.26,10,I,I,0.369
0.635,0.495,0.015,1.1565,0.5115,0.308,0.2885,9,F,M,0.5219
0.18,0.125,0.035,0.0265,0.0095,0.0055,0.0085,4,I,I,0.7947
0.335,0.265,0.105,0.222,0.0935,0.056,0.075,7,M,I,0.6673
0.515,0.38,0.135,0.6615,0.2875,0.2095,0.155,10,M,M,0.4401
0.555,0.44,0.145,0.8815,0.43,0.1975,0.2155,8,F,M,0.4487
0.515,0.415,0.14,0.6935,0.3115,0.152,0.2,10,F,M,0.402
0.475,0.375,0.12,0.563,0.2525,0.1205,0.185,10,M,I,0.4092
0.59,0.455,0.145,1.063,0.5155,0.2445,0.25,8,F,M,0.5096
0.585,0.47,0.165,1.409,0.8,0.229,0.295,10,M,M,0.7225
0.59,0.47,0.155,1.1735,0.6245,0.233,0.2595,9,M,M,0.5895
0.55,0.435,0.11,0.806,0.3415,0.203,0.215,9,M,M,0.4159
0.655,0.525,0.16,1.46,0.686,0.311,0.405,11,M,M,0.5502
0.415,0.315,0.09,0.3625,0.175,0.0835,0.093,6,I,I,0.7537
0.55,0.43,0.14,0.84,0.375,0.218,0.1945,8,F,M,0.4364
0.49,0.395,0.14,0.549,0.2215,0.1275,0.15,11,M,M,0.3613
0.395,0.31,0.095,0.313,0.131,0.072,0.093,7,I,I,0.7099
0.52,0.45,0.15,0.895,0.3615,0.186,0.235,14,M,M,0.5015
0.48,0.365,0.13,0.5305,0.2405,0.127,0.139,8,M,I,0.5149
0.69,0.55,0.2,1.8465,0.732,0.472,0.57,19,M,F,0.5461
0.66,0.52,0.19,1.558,0.755,0.298,0.4,10,M,M,0.586
0.44,0.355,0.125,0.4775,0.132,0.0815,0.19,9,M,I,0.5275
0.665,0.54,0.175,1.347,0.4955,0.254,0.415,17,M,F,0.5689
0.635,0.48,0.235,1.064,0.413,0.228,0.36,16,M,F,0.5711
0.51,0.4,0.145,0.5775,0.231,0.143,0.177,9,I,I,0.4094
0.675,0.52,0.145,1.3645,0.557,0.3405,0.385,11,M,F,0.5338
0.665,0.525,0.155,1.3575,0.5325,0.3045,0.4485,10,M,F,0.5318
0.565,0.44,0.185,0.909,0.344,0.2325,0.255,15,M,F,0.5289
0.46,0.35,0.125,0.5165,0.1885,0.1145,0.185,9,M,I,0.4894
0.17,0.125,0.055,0.0235,0.009,0.0055,0.008,6,I,I,0.662
0.75,0.555,0.215,2.201,1.0615,0.5235,0.5285,11,M,M,0.6148
0.385,0.28,0.085,0.2175,0.097,0.038,0.067,8,I,I,0.8292
0.585,0.45,0.17,0.8685,0.3325,0.1635,0.27,22,F,F,0.4951
0.53,0.425,0.13,0.702,0.2975,0.1395,0.22,9,M,I,0.3951
0.55,0.41,0.145,0.8285,0.3095,0.1905,0.25,13,F,M,0.4608
0.57,0.425,0.13,0.782,0.3695,0.1745,0.1965,8,F,I,0.4218
0.3,0.24,0.09,0.161,0.0725,0.039,0.05,6,M,I,0.7278
0.34,0.265,0.07,0.185,0.0625,0.0395,0.07,7,I,I,0.7876
0.61,0.48,0.16,1.234,0.598,0.238,0.315,12,F,M,0.574
0.305,0.22,0.07,0.141,0.062,0.031,0.037,5,I,I,0.8444
0.375,0.29,0.115,0.2705,0.093,0.066,0.0885,10,F,I,0.5473
0.385,0.3,0.115,0.3435,0.1645,0.085,0.1025,6,M,I,0.6598
0.595,0.465,0.155,1.026,0.4645,0.112,0.305,12,F,M,0.4337
0.6,0.495,0.175,1.3005,0.6195,0.284,0.3285,11,M,M,0.5521
0.565,0.43,0.15,0.8215,0.332,0.1685,0.29,11,I,M,0.3862
0.62,0.51,0.18,1.3315,0.594,0.276,0.388,11,F,M,0.5126
0.5,0.4,0.125,0.5975,0.27,0.1275,0.166,9,M,I,0.435
0.545,0.45,0.15,0.978,0.3365,0.1905,0.3,11,M,F,0.4716
0.565,0.455,0.17,0.9065,0.342,0.156,0.32,18,M,F,0.4761
0.675,0.57,0.225,1.587,0.739,0.2995,0.435,10,F,F,0.5033
0.33,0.255,0.095,0.1875,0.0735,0.045,0.06,7,M,I,0.7268
0.485,0.37,0.155,0.968,0.419,0.2455,0.2365,9,M,M,0.6004
0.585,0.45,0.125,0.874,0.3545,0.2075,0.225,6,F,I,0.3443
0.515,0.36,0.125,0.4725,0.1815,0.125,0.138,9,I,I,0.6717
0.565,0.445,0.155,0.826,0.341,0.2055,0.2475,10,F,F,0.4381
0.68,0.52,0.195,1.4535,0.592,0.391,0.4125,10,M,F,0.5804
0.475,0.365,0.115,0.49,0.223,0.1235,0.1335,9,I,I,0.5111
0.475,0.355,0.105,0.468,0.201,0.1115,0.12,8,I,I,0.6412
0.655,0.455,0.17,1.275,0.583,0.303,0.333,8,F,M,0.5143
0.605,0.47,0.155,0.974,0.393,0.224,0.3345,9,F,F,0.4388
0.39,0.285,0.1,0.281,0.1275,0.062,0.077,7,I,I,0.7709
0.535,0.4,0.135,0.6025,0.2895,0.121,0.154,9,I,I,0.5834
0.505,0.4,0.155,0.8415,0.2715,0.1775,0.285,12,M,M,0.4771
0.705,0.535,0.18,1.685,0.693,0.42,0.4045,12,F,F,0.5388
0.38,0.32,0.115,0.6475,0.323,0.1325,0.164,7,F,M,0.5771
0.29,0.225,0.07,0.101,0.036,0.0235,0.035,8,I,I,0.7342
0.54,0.425,0.14,0.742,0.32,0.1395,0.25,9,I,I,0.409
0.605,0.465,0.155,1.1,0.547,0.2665,0.2585,10,F,M,0.5287
0.46,0.355,0.11,0.436,0.1975,0.096,0.125,8,I,I,0.6578
0.435,0.325,0.105,0.335,0.136,0.065,0.115,8,I,I,0.7784
0.43,0.345,0.115,0.3045,0.0925,0.055,0.12,11,M,I,0.6314
0.635,0.505,0.185,1.3035,0.501,0.295,0.41,17,F,F,0.5465
0.485,0.37,0.115,0.457,0.1885,0.0965,0.15,9,I,I,0.6625
0.375,0.29,0.14,0.3,0.14,0.0625,0.0825,8,I,I,0.6026
0.695,0.55,0.205,2.173,1.133,0.4665,0.496,10,M,M,0.7132
0.185,0.13,0.045,0.029,0.012,0.0075,0.0095,4,I,I,0.789
0.6,0.475,0.155,1.1385,0.502,0.2295,0.31,9,M,M,0.4938
0.545,0.425,0.125,0.768,0.294,0.1495,0.26,16,F,M,0.4674
0.605,0.505,0.18,1.434,0.7285,0.264,0.431,11,F,M,0.6287
0.525,0.415,0.12,0.596,0.2805,0.12,0.1695,9,I,I,0.5495
0.57,0.45,0.145,0.95,0.4005,0.2235,0.2845,10,M,M,0.461
0.72,0.575,0.18,1.6705,0.732,0.3605,0.501,12,F,F,0.5203
0.635,0.5,0.165,1.273,0.6535,0.213,0.365,12,M,M,0.5774
0.43,0.34,0.12,0.391,0.1555,0.095,0.1405,7,F,I,0.6484
0.635,0.49,0.155,1.145,0.4775,0.3035,0.3155,9,F,F,0.5214
0.71,0.53,0.195,1.8745,0.6755,0.4065,0.6855,12,F,F,0.5293
0.585,0.475,0.16,1.0505,0.48,0.234,0.285,10,I,M,0.4869
0.36,0.265,0.085,0.1865,0.0675,0.037,0.0615,7,I,I,0.8288
0.16,0.12,0.02,0.018,0.0075,0.0045,0.005,4,I,I,0.7611
0.63,0.505,0.165,1.26,0.4525,0.2755,0.406,14,M,F,0.5536
0.54,0.415,0.15,0.8115,0.3875,0.1875,0.2035,9,F,M,0.4467
0.585,0.42,0.155,1.034,0.437,0.2225,0.32,11,F,M,0.5069
0.43,0.33,0.095,0.34,0.1315,0.085,0.112,14,M,I,0.4137
0.385,0.305,0.125,0.314,0.146,0.0555,0.08,10,F,I,0.5419
0.365,0.265,0.085,0.213,0.0945,0.049,0.06,7,I,I,0.8049
0.34,0.265,0.08,0.2015,0.09,0.0475,0.055,5,I,I,0.814
0.67,0.525,0.165,1.6085,0.682,0.3145,0.4005,11,M,M,0.5385
0.38,0.275,0.1,0.2255,0.08,0.049,0.085,10,I,I,0.7085
0.49,0.375,0.125,0.5445,0.279,0.115,0.13,8,I,I,0.5753
0.465,0.35,0.11,0.4085,0.165,0.102,0.131,8,F,I,0.6887
0.4,0.29,0.11,0.329,0.188,0.0455,0.0825,6,I,I,0.8301
0.2,0.14,0.055,0.035,0.0145,0.008,0.01,5,M,I,0.7713
0.645,0.51,0.19,1.363,0.573,0.362,0.36,10,F,F,0.5558
0.36,0.265,0.075,0.1785,0.0785,0.035,0.054,6,I,I,0.8692
0.56,0.455,0.155,0.797,0.34,0.19,0.2425,11,M,F,0.4435
0.58,0.45,0.155,0.8275,0.321,0.1975,0.2445,8,M,F,0.3976
0.475,0.375,0.125,0.593,0.277,0.115,0.18,10,M,I,0.3923
0.295,0.215,0.07,0.121,0.047,0.0155,0.0405,6,I,I,0.837
0.5,0.375,0.145,0.6215,0.274,0.166,0.1485,7,M,I,0.3964
0.55,0.41,0.125,0.7605,0.2505,0.1635,0.195,14,M,M,0.4275
0.63,0.485,0.19,1.2435,0.4635,0.3055,0.39,21,F,F,0.5552
0.625,0.5,0.16,1.217,0.5725,0.207,0.355,11,F,M,0.5214
0.425,0.31,0.095,0.3505,0.1645,0.071,0.1,8,I,I,0.7535
0.635,0.51,0.17,1.3555,0.619,0.305,0.39,9,M,M,0.5128
0.55,0.43,0.125,0.923,0.4035,0.175,0.283,8,F,M,0.4287
0.58,0.46,0.18,1.145,0.48,0.277,0.325,11,M,M,0.4949
0.555,0.435,0.145,0.9685,0.4985,0.168,0.2385,9,M,M,0.5059
0.49,0.37,0.105,0.5265,0.249,0.1005,0.148,7,F,I,0.7217
0.505,0.41,0.125,0.642,0.289,0.133,0.155,9,M,I,0.368
0.215,0.15,0.03,0.0385,0.0115,0.005,0.01,5,I,I,0.8254
0.605,0.455,0.16,1.1035,0.421,0.3015,0.325,9,M,F,0.5158
0.66,0.525,0.205,1.3665,0.5005,0.291,0.41,18,F,F,0.591
0.7,0.575,0.2,1.7365,0.7755,0.3965,0.461,11,F,F,0.5244
0.59,0.465,0.14,1.046,0.4695,0.263,0.263,7,M,M,0.4658
0.53,0.41,0.15,0.612,0.2435,0.1525,0.1895,11,I,F,0.3495
0.695,0.565,0.19,1.7635,0.7465,0.399,0.4975,11,F,F,0.5231
0.39,0.3,0.095,0.3265,0.1665,0.0575,0.089,7,I,I,0.7423
0.545,0.43,0.14,0.832,0.4355,0.17,0.201,9,F,M,0.4483
0.65,0.5,0.19,1.464,0.6415,0.339,0.4245,9,F,M,0.5104
0.57,0.445,0.15,0.9875,0.504,0.207,0.249,8,M,M,0.4959
0.53,0.395,0.145,0.775,0.308,0.169,0.255,7,F,I,0.3914
0.55,0.405,0.15,0.9235,0.412,0.2135,0.24,7,M,M,0.4595
0.39,0.3,0.1,0.2665,0.1105,0.059,0.084,7,I,I,0.7667
0.54,0.415,0.13,0.8245,0.272,0.226,0.24,13,M,F,0.4839
0.47,0.35,0.135,0.567,0.2315,0.1465,0.1525,11,I,M,0.43
0.6,0.465,0.165,1.038,0.4975,0.2205,0.251,9,M,M,0.4749
0.39,0.28,0.125,0.564,0.3035,0.0955,0.143,7,M,I,0.4518
0.5,0.4,0.145,0.63,0.234,0.1465,0.23,12,F,M,0.4033
0.645,0.5,0.16,1.2465,0.5475,0.327,0.3,10,F,F,0.5174
0.455,0.35,0.105,0.416,0.1625,0.097,0.145,11,M,I,0.5269
0.565,0.44,0.15,0.983,0.4475,0.2355,0.2485,9,F,M,0.4985
0.605,0.485,0.175,1.145,0.4325,0.27,0.405,16,M,F,0.5391
0.315,0.24,0.07,0.137,0.0545,0.0315,0.04,8,I,I,0.7499
0.53,0.42,0.12,0.5965,0.2555,0.141,0.177,7,I,I,0.5852
0.5,0.42,0.125,0.62,0.255,0.15,0.205,11,M,M,0.3946
0.47,0.37,0.11,0.5555,0.25,0.115,0.163,8,I,I,0.5244
0.515,0.4,0.125,0.615,0.2865,0.123,0.1765,8,F,I,0.5597
0.405,0.31,0.12,0.3095,0.138,0.058,0.095,13,F,I,0.4759
0.615,0.455,0.135,1.059,0.4735,0.263,0.274,9,F,M,0.4733
0.31,0.225,0.08,0.1345,0.054,0.024,0.05,7,M,I,0.8053
0.575,0.46,0.155,0.892,0.4415,0.176,0.22,10,M,M,0.4399
0.28,0.205,0.07,0.1015,0.041,0.03,0.03,6,I,I,0.7889
0.58,0.425,0.145,0.83,0.379,0.1605,0.2575,11,I,M,0.3726
0.47,0.375,0.12,0.5805,0.266,0.0935,0.169,8,M,I,0.552
0.51,0.41,0.145,0.796,0.3865,0.1815,0.1955,8,M,M,0.4722
0.65,0.525,0.18,1.626,0.597,0.3445,0.53,18,I,F,0.5211
0.535,0.45,0.135,0.728,0.2845,0.1845,0.265,9,I,F,0.4103
0.385,0.275,0.115,0.2685,0.0975,0.0825,0.085,8,M,I,0.6655
0.495,0.38,0.145,0.515,0.175,0.098,0.212,13,I,I,0.4092
0.7,0.55,0.175,1.4405,0.6565,0.2985,0.375,12,M,F,0.5037
0.38,0.285,0.09,0.2305,0.1005,0.039,0.0775,7,I,I,0.8311
0.605,0.475,0.145,1.0185,0.4695,0.225,0.27,15,F,M,0.5058
